14,1,200,3278,7,0,1,2,0,GET / HTTP/1.1
25,1,404,503,9,6,2,2,1,GET /4MlfjsG9.py HTTP/1.1
29,1,404,507,8,10,2,2,1,GET /7Vi0ho7m.foobar HTTP/1.1
26,1,404,504,8,9,2,2,1,GET /avA6ymqj.php HTTP/1.1
26,1,404,503,12,6,2,2,1,GET /cdcZMNEA.cgi HTTP/1.1
26,1,404,504,12,5,2,2,1,GET /HD7rYCqF.gif HTTP/1.1
26,1,404,504,11,7,2,2,1,GET /ISizwTQw.asp HTTP/1.1
25,1,404,503,11,4,2,2,1,GET /oDZI69nQ.do HTTP/1.1
28,1,404,506,10,9,2,2,1,GET /phS4AQmy.xhtml HTTP/1.1
26,1,404,504,11,7,2,2,1,GET /WHxNxiyL.jsp HTTP/1.1
28,1,404,506,10,8,2,2,1,GET /xHEv5Bu9.htmls HTTP/1.1
26,1,404,504,7,9,2,2,1,GET /ob9gm0zv.htm HTTP/1.1
25,1,404,503,12,4,2,2,1,GET /F2UuPWfX.pl HTTP/1.1
25,1,404,503,11,6,2,2,1,GET /toAvZOBg.rb HTTP/1.1
27,1,404,505,10,8,2,2,1,GET /jJ7szEYv.aspx HTTP/1.1
26,1,404,503,8,7,2,2,1,GET /13z6waLe.cgi HTTP/1.1
26,1,404,504,10,7,2,2,1,GET /4RpaFSro.gif HTTP/1.1
18,1,301,574,11,0,1,2,0,GET /DVWA HTTP/1.1
28,1,404,506,9,9,2,2,1,GET /gpAe25Jl.xhtml HTTP/1.1
25,1,404,503,11,5,2,2,1,GET /iAio8STI.py HTTP/1.1
28,1,404,506,10,6,2,2,1,GET /j81R20RT.htmls HTTP/1.1
26,1,404,504,10,6,2,2,1,GET /n1Ho6NxF.htm HTTP/1.1
25,1,404,503,11,3,2,2,1,GET /O1LD47Jq.rb HTTP/1.1
29,1,404,507,10,10,2,2,1,GET /oynZWt9B.foobar HTTP/1.1
26,1,404,504,11,6,2,2,1,GET /qdWQOh2J.jsp HTTP/1.1
26,1,404,504,10,6,2,2,1,GET /YTl8rbT3.asp HTTP/1.1
25,1,404,503,11,5,2,2,1,GET /BA5sNSzq.do HTTP/1.1
27,1,404,505,11,8,2,2,1,GET /LlyDciYR.aspx HTTP/1.1
26,1,404,504,12,5,2,2,1,GET /OROdKNt6.php HTTP/1.1
25,1,404,503,9,8,2,2,1,GET /sejCyloJ.pl HTTP/1.1
23,1,404,500,12,3,1,3,1,GET /CKgXLuBv/ HTTP/1.1
19,1,302,385,11,0,1,3,0,GET /DVWA/ HTTP/1.1
37,1,200,668,11,15,2,5,0,GET /DVWA/dvwa/css/login.css HTTP/1.1
37,1,404,514,11,15,2,5,1,GET /DVWA/dvwa/css/olign.css HTTP/1.1
45,1,200,13161,11,22,2,5,0,GET /DVWA/dvwa/images/login_logo.png HTTP/1.1
45,1,404,522,11,22,2,5,1,GET /DVWA/dvwa/images/olign_olog.png HTTP/1.1
28,1,200,1020,11,8,2,3,0,GET /DVWA/login.php HTTP/1.1
28,1,404,505,11,8,2,3,1,GET /DVWA/olign.php HTTP/1.1
23,1,200,3278,7,8,2,2,0,GET /index.php HTTP/1.1
24,1,200,237,8,8,2,2,0,POST /index.php HTTP/1.1
53,1,200,3272,7,32,4,4,0,GET /index.php/2-uncategorised/1-testsayfasi HTTP/1.1
82,3,200,1526,7,54,10,4,0,GET /index.php/2-uncategorised/1-testsayfasi?tmpl=component&print=1&page= HTTP/1.1
119,3,200,1754,7,72,8,5,0,GET /index.php/component/mailto/?tmpl=component&template=beez_20&link=90ed7f9d717b47dafcf4b4c1bb9de7c57b1fb587 HTTP/1.1
58,1,200,3242,7,38,4,5,0,GET /index.php/component/users/?view=registration HTTP/1.1
52,1,200,2961,7,32,4,5,0,GET /index.php/component/users/?view=remind HTTP/1.1
51,1,200,3023,7,31,4,5,0,GET /index.php/component/users/?view=reset HTTP/1.1
44,2,200,1083,7,25,6,2,0,GET /index.php?format=feed&type=rss HTTP/1.1
49,1,200,561,8,30,2,5,0,GET /media/system/images/emailButton.png HTTP/1.1
49,1,200,511,8,30,2,5,0,GET /media/system/images/printButton.png HTTP/1.1
49,1,404,526,8,30,2,5,1,GET /media/system/images/rpniBttuotn.png HTTP/1.1
40,1,200,752,7,22,2,5,0,GET /media/system/js/caption.js HTTP/1.1
46,1,200,31449,7,27,3,5,0,GET /media/system/js/mootools-core.js HTTP/1.1
46,1,200,68451,7,27,3,5,0,GET /media/system/js/mootools-more.js HTTP/1.1
47,1,200,1442,7,26,2,5,0,GET /templates/beez_20/css/general.css HTTP/1.1
46,1,200,6751,7,25,2,5,0,GET /templates/beez_20/css/layout.css HTTP/1.1
48,1,200,4917,7,27,2,5,0,GET /templates/beez_20/css/personal.css HTTP/1.1
48,1,200,2026,7,27,2,5,0,GET /templates/beez_20/css/position.css HTTP/1.1
45,1,200,2150,7,24,2,5,0,GET /templates/beez_20/css/print.css HTTP/1.1
43,1,200,1450,7,23,2,4,0,GET /templates/beez_20/favicon.ico HTTP/1.1
50,1,200,2325,7,29,2,5,1,GET /templates/beez_20/javascript/hide.js HTTP/1.1
45,1,200,757,7,27,2,5,0,GET /templates/system/css/system.css HTTP/1.1
29,1,302,385,12,8,2,3,0,POST /DVWA/login.php HTTP/1.1
37,1,200,4031,7,20,2,3,0,GET /images/joomla_black.gif HTTP/1.1
48,1,404,525,7,27,2,5,1,GET /templates/beez_20/css/epsrnola.css HTTP/1.1
48,1,404,525,7,27,2,5,1,GET /templates/beez_20/css/opisitno.css HTTP/1.1
48,1,200,452,7,27,2,5,0,GET /templates/beez_20/images/minus.png HTTP/1.1
47,1,200,455,7,26,2,5,0,GET /templates/beez_20/images/plus.png HTTP/1.1
61,1,200,1112,7,39,2,5,1,GET /templates/beez_20/javascript/md_stylechanger.js HTTP/1.1
24,1,200,730,11,4,1,4,0,GET /DVWA/dvwa/ HTTP/1.1
28,1,200,755,11,7,1,5,0,GET /DVWA/dvwa/css/ HTTP/1.1
37,1,404,514,7,20,2,3,1,GET /images/ojmoal_balkc.gif HTTP/1.1
39,1,200,3498,7,21,3,3,0,GET /index.php/2-uncategorised HTTP/1.1
43,1,404,3990,11,19,2,5,1,GET /index.php/component/eUP1VwU6/ HTTP/1.1
43,1,404,3990,8,24,2,5,1,GET /index.php/component/vrvsNvpf/ HTTP/1.1
45,2,200,2092,7,26,6,2,0,GET /index.php?format=feed&type=atom HTTP/1.1
37,1,200,2064,7,19,2,5,0,GET /media/system/js/core.js HTTP/1.1
46,1,404,523,7,25,2,5,1,GET /templates/beez_20/css/aloytu.css HTTP/1.1
45,1,404,522,7,24,2,5,1,GET /templates/beez_20/css/rpnit.css HTTP/1.1
50,1,404,527,7,29,2,5,1,GET /templates/beez_20/javascript/ihed.js HTTP/1.1
45,1,404,522,7,27,2,5,1,GET /templates/system/css/ystsme.css HTTP/1.1
53,1,200,3281,7,32,4,4,0,GET /index.php/2-uncategorised/1-ettsasfysai HTTP/1.1
34,1,404,3993,7,17,2,4,1,GET /index.php/component/ HTTP/1.1
43,1,404,3991,10,20,2,5,1,GET /index.php/component/IfG3hN0z/ HTTP/1.1
40,1,200,2723,7,22,2,5,0,GET /index.php/component/users/ HTTP/1.1
67,1,200,237,7,46,5,5,0,GET /index.php/component/users/?task=registration.register HTTP/1.1
122,1,500,2125,13,71,15,5,1,GET /index.php/component/users/?view=apyhv%3C%2F-%3Eapyhv%2F%2Aapyhv%22apyhvapyhv%27apyhvapyhv%60apyhvapyhv%20%3D HTTP/1.1
41,1,200,3068,7,23,4,2,0,GET /index.php?option=com_search HTTP/1.1
24,1,200,312,7,9,1,3,0,GET /templates/ HTTP/1.1
32,1,200,312,7,13,1,4,0,GET /templates/beez_20/ HTTP/1.1
43,1,404,520,7,23,2,4,1,GET /templates/beez_20/afivocn.ico HTTP/1.1
36,1,200,312,7,16,1,5,0,GET /templates/beez_20/css/ HTTP/1.1
44,1,200,929,7,26,2,5,0,GET /templates/system/css/error.css HTTP/1.1
24,1,200,3279,7,8,2,3,0,GET /index.php/ HTTP/1.1
39,1,404,3993,7,21,3,3,1,GET /index.php/2-nuacetogiresd HTTP/1.1
186,3,200,338,22,99,19,5,1,GET /index.php/component/mailto/?tmpl=fxyIx%3C%2F-%3EfxyIx%2F%2AfxyIx%22fxyIxfxyIx%27fxyIxfxyIx%60fxyIxfxyIx%20%3D&template=beez_20&link=90ed7f9d717b47dafcf4b4c1bb9de7c57b1fb587 HTTP/1.1
62,1,500,2041,7,30,8,5,1,GET /index.php/component/users/?view=a%27b%22c%27d%22 HTTP/1.1
57,1,500,2043,9,29,6,5,1,GET /index.php/component/users/?view=gc5k8%2F%2A HTTP/1.1
59,1,500,2053,7,36,5,5,1,GET /index.php/component/users/?view=gprmq%27gprmq HTTP/1.1
59,1,500,2053,7,34,5,5,1,GET /index.php/component/users/?view=ipu0u%60ipu0u HTTP/1.1
61,1,500,2045,10,31,8,5,1,GET /index.php/component/users/?view=oaimb%3C%2F-%3E HTTP/1.1
57,1,500,2043,8,31,6,5,1,GET /index.php/component/users/?view=pyger%20%3D HTTP/1.1
59,1,500,2053,7,36,5,5,1,GET /index.php/component/users/?view=qquri%22qquri HTTP/1.1
40,1,404,517,7,22,2,5,1,GET /media/system/js/actpoin.js HTTP/1.1
46,1,404,523,7,27,3,5,1,GET /media/system/js/omtooosl-croe.js HTTP/1.1
41,1,200,1488,7,23,2,5,0,GET /media/system/js/validate.js HTTP/1.1
48,1,404,525,7,27,2,5,1,GET /templates/beez_20/images/imuns.png HTTP/1.1
55,1,200,441,7,33,2,6,0,GET /templates/beez_20/images/system/arrow.png HTTP/1.1
43,1,200,312,7,23,1,5,1,GET /templates/beez_20/javascript/ HTTP/1.1
31,1,200,312,7,15,1,4,0,GET /templates/system/ HTTP/1.1
41,1,500,1924,8,22,2,5,1,POST /index.php/component/users/ HTTP/1.1
123,1,200,237,14,62,15,5,1,POST /index.php/component/users/?task=3mmzm%3C%2F-%3E3mmzm%2F%2A3mmzm%223mmzm3mmzm%273mmzm3mmzm%603mmzm3mmzm%20%3D HTTP/1.1
68,1,200,237,8,46,5,5,0,POST /index.php/component/users/?task=registration.register HTTP/1.1
36,1,200,503,11,14,2,5,0,GET /DVWA/dvwa/css/help.css HTTP/1.1
36,1,200,1429,11,14,2,5,0,GET /DVWA/dvwa/css/main.css HTTP/1.1
38,1,200,503,11,16,2,5,0,GET /DVWA/dvwa/css/source.css HTTP/1.1
28,1,200,498,7,12,2,3,0,GET /icons/back.gif HTTP/1.1
29,1,200,430,7,13,2,3,0,GET /icons/blank.gif HTTP/1.1
28,1,200,511,7,12,2,3,0,GET /icons/text.gif HTTP/1.1
43,1,404,3990,10,20,2,5,1,GET /index.php/component/Esis4WY6/ HTTP/1.1
41,1,403,3982,7,23,2,5,0,GET /index.php/component/mailto/ HTTP/1.1
59,1,200,237,7,38,5,5,0,GET /index.php/component/users/?task=remind.remind HTTP/1.1
43,1,404,3991,11,20,2,5,1,GET /index.php/component/Wo0CDKbk/ HTTP/1.1
37,1,404,514,7,19,2,5,1,GET /media/system/js/ocer.js HTTP/1.1
48,1,200,837,7,27,2,5,0,GET /templates/beez_20/css/template.css HTTP/1.1
47,1,404,524,7,26,2,5,1,GET /templates/beez_20/images/lpsu.png HTTP/1.1
61,1,404,539,7,39,2,5,1,GET /templates/beez_20/javascript/dm_sytelhcnaegr.js HTTP/1.1
35,1,200,312,7,18,1,5,0,GET /templates/system/css/ HTTP/1.1
28,1,404,505,16,2,1,4,1,GET /DVWA/3ecRBRXV/ HTTP/1.1
43,1,404,3991,9,21,2,5,1,GET /index.php/component/L9j4icFw/ HTTP/1.1
126,3,200,338,7,67,12,5,1,GET /index.php/component/mailto/?tmpl=a%27b%22c%27d%22&template=beez_20&link=90ed7f9d717b47dafcf4b4c1bb9de7c57b1fb587 HTTP/1.1
128,3,200,1856,7,72,12,5,1,GET /index.php/component/mailto/?tmpl=component&template=a%27b%22c%27d%22&link=90ed7f9d717b47dafcf4b4c1bb9de7c57b1fb587 HTTP/1.1
95,3,200,1721,7,56,12,5,1,GET /index.php/component/mailto/?tmpl=component&template=beez_20&link=a%27b%22c%27d%22 HTTP/1.1
125,3,200,338,10,68,12,5,1,GET /index.php/component/mailto/?tmpl=eyhor%3C%2F-%3E&template=beez_20&link=90ed7f9d717b47dafcf4b4c1bb9de7c57b1fb587 HTTP/1.1
122,1,500,2125,13,62,15,5,1,GET /index.php/component/users/?view=nlpa6%3C%2F-%3Enlpa6%2F%2Anlpa6%22nlpa6nlpa6%27nlpa6nlpa6%60nlpa6nlpa6%20%3D HTTP/1.1
46,1,404,523,7,27,3,5,1,GET /media/system/js/omtooosl-mroe.js HTTP/1.1
23,1,404,501,9,5,1,3,1,GET /zbJoBh0w/ HTTP/1.1
63,1,200,2763,8,30,8,5,1,POST /index.php/component/users/?task=a%27b%22c%27d%22 HTTP/1.1
28,1,404,505,7,12,2,3,1,GET /icons/abkc.gif HTTP/1.1
28,1,404,505,7,12,2,3,1,GET /icons/ettx.gif HTTP/1.1
29,1,404,506,7,13,2,3,1,GET /icons/lbnak.gif HTTP/1.1
149,3,200,338,13,72,21,4,1,GET /index.php/2-uncategorised/1-testsayfasi?tmpl=3bol8%3C%2F-%3E3bol8%2F%2A3bol8%223bol83bol8%273bol83bol8%603bol83bol8%20%3D&print=1&page= HTTP/1.1
188,3,200,1855,13,95,19,5,1,GET /index.php/component/mailto/?tmpl=component&template=m09ex%3C%2F-%3Em09ex%2F%2Am09ex%22m09exm09ex%27m09exm09ex%60m09exm09ex%20%3D&link=90ed7f9d717b47dafcf4b4c1bb9de7c57b1fb587 HTTP/1.1
123,3,200,338,7,73,9,5,0,GET /index.php/component/mailto/?tmpl=kpdhm%60kpdhm&template=beez_20&link=90ed7f9d717b47dafcf4b4c1bb9de7c57b1fb587 HTTP/1.1
121,3,200,338,8,68,10,5,0,GET /index.php/component/mailto/?tmpl=rcpsg%20%3D&template=beez_20&link=90ed7f9d717b47dafcf4b4c1bb9de7c57b1fb587 HTTP/1.1
123,3,200,338,7,73,9,5,1,GET /index.php/component/mailto/?tmpl=sbbfu%22sbbfu&template=beez_20&link=90ed7f9d717b47dafcf4b4c1bb9de7c57b1fb587 HTTP/1.1
121,3,200,338,10,67,10,5,0,GET /index.php/component/mailto/?tmpl=uIrkz%2F%2A&template=beez_20&link=90ed7f9d717b47dafcf4b4c1bb9de7c57b1fb587 HTTP/1.1
123,3,200,338,7,71,9,5,1,GET /index.php/component/mailto/?tmpl=x1mfq%27x1mfq&template=beez_20&link=90ed7f9d717b47dafcf4b4c1bb9de7c57b1fb587 HTTP/1.1
43,1,404,3991,9,22,2,5,1,GET /index.php/component/mv7KLnmb/ HTTP/1.1
59,1,500,2053,7,34,5,5,1,GET /index.php/component/users/?view=3vzss%223vzss HTTP/1.1
57,1,500,2043,9,29,6,5,1,GET /index.php/component/users/?view=q68vk%2F%2A HTTP/1.1
61,1,500,2045,10,30,8,5,1,GET /index.php/component/users/?view=qm1rk%3C%2F-%3E HTTP/1.1
41,1,404,519,7,23,2,5,1,GET /media/system/js/aviladet.js HTTP/1.1
23,1,404,500,10,5,1,3,1,GET /mjnpsPHI/ HTTP/1.1
55,1,404,532,7,33,2,6,1,GET /templates/beez_20/images/system/raorw.png HTTP/1.1
33,1,404,511,11,12,1,4,1,GET /templates/N3HGebpO/ HTTP/1.1
47,1,200,2734,8,26,4,5,0,POST /index.php/component/users/?task= HTTP/1.1
62,1,200,237,11,30,8,5,1,POST /index.php/component/users/?task=5xvrl%3C%2F-%3E HTTP/1.1
58,1,200,237,9,30,6,5,0,POST /index.php/component/users/?task=ew2pb%20%3D HTTP/1.1
60,1,200,237,8,32,5,5,1,POST /index.php/component/users/?task=j8d6s%27j8d6s HTTP/1.1
60,1,200,237,8,32,5,5,1,POST /index.php/component/users/?task=lj3l5%22lj3l5 HTTP/1.1
60,1,200,238,10,34,5,5,0,POST /index.php/component/users/?task=qacpI%60qacpI HTTP/1.1
58,1,200,237,10,30,6,5,0,POST /index.php/component/users/?task=tyju1%2F%2A HTTP/1.1
40,1,200,3498,7,21,3,4,0,GET /index.php/2-uncategorised/ HTTP/1.1
84,3,200,338,8,48,12,4,0,GET /index.php/2-uncategorised/1-testsayfasi?tmpl=8ymx2%20%3D&print=1&page= HTTP/1.1
89,3,200,338,7,49,14,4,1,GET /index.php/2-uncategorised/1-testsayfasi?tmpl=a%27b%22c%27d%22&print=1&page= HTTP/1.1
86,3,200,338,7,55,11,4,1,GET /index.php/2-uncategorised/1-testsayfasi?tmpl=aruui%27aruui&print=1&page= HTTP/1.1
86,3,200,338,7,55,11,4,1,GET /index.php/2-uncategorised/1-testsayfasi?tmpl=brwpx%22brwpx&print=1&page= HTTP/1.1
84,3,200,338,9,50,12,4,0,GET /index.php/2-uncategorised/1-testsayfasi?tmpl=cbbuy%2F%2A&print=1&page= HTTP/1.1
98,3,200,1525,7,58,14,4,1,GET /index.php/2-uncategorised/1-testsayfasi?tmpl=component&print=1&page=a%27b%22c%27d%22 HTTP/1.1
97,3,200,1525,7,58,14,4,1,GET /index.php/2-uncategorised/1-testsayfasi?tmpl=component&print=a%27b%22c%27d%22&page= HTTP/1.1
88,3,200,339,11,49,14,4,1,GET /index.php/2-uncategorised/1-testsayfasi?tmpl=oatIk%3C%2F-%3E&print=1&page= HTTP/1.1
86,3,200,338,7,55,11,4,0,GET /index.php/2-uncategorised/1-testsayfasi?tmpl=tnjxz%60tnjxz&print=1&page= HTTP/1.1
43,1,404,3991,9,18,2,5,1,GET /index.php/component/19O7X1g3/ HTTP/1.1
43,1,404,3991,10,18,2,5,1,GET /index.php/component/3P7Op4Y5/ HTTP/1.1
59,1,500,2053,7,32,5,5,1,GET /index.php/component/users/?view=9z7zg%609z7zg HTTP/1.1
57,1,500,2043,8,29,6,5,1,GET /index.php/component/users/?view=bw20u%20%3D HTTP/1.1
59,1,500,2053,7,36,5,5,1,GET /index.php/component/users/?view=mjkeg%27mjkeg HTTP/1.1
20,1,200,312,7,5,1,3,0,GET /media/ HTTP/1.1
27,1,200,311,7,11,1,4,0,GET /media/system/ HTTP/1.1
30,1,200,311,7,13,1,5,0,GET /media/system/js/ HTTP/1.1
60,1,200,237,8,38,5,5,0,POST /index.php/component/users/?task=remind.remind HTTP/1.1
123,3,200,1855,9,72,10,5,0,GET /index.php/component/mailto/?tmpl=component&template=dbt0i%2F%2A&link=90ed7f9d717b47dafcf4b4c1bb9de7c57b1fb587 HTTP/1.1
125,3,200,1855,7,76,9,5,1,GET /index.php/component/mailto/?tmpl=component&template=k1vas%27k1vas&link=90ed7f9d717b47dafcf4b4c1bb9de7c57b1fb587 HTTP/1.1
125,3,200,1855,7,76,9,5,0,GET /index.php/component/mailto/?tmpl=component&template=mj9pc%60mj9pc&link=90ed7f9d717b47dafcf4b4c1bb9de7c57b1fb587 HTTP/1.1
127,3,200,1855,10,72,12,5,1,GET /index.php/component/mailto/?tmpl=component&template=ng0dk%3C%2F-%3E&link=90ed7f9d717b47dafcf4b4c1bb9de7c57b1fb587 HTTP/1.1
125,3,200,1855,7,74,9,5,1,GET /index.php/component/mailto/?tmpl=component&template=pl8e2%22pl8e2&link=90ed7f9d717b47dafcf4b4c1bb9de7c57b1fb587 HTTP/1.1
123,3,200,1855,8,71,10,5,0,GET /index.php/component/mailto/?tmpl=component&template=zv37y%20%3D&link=90ed7f9d717b47dafcf4b4c1bb9de7c57b1fb587 HTTP/1.1
29,1,404,506,12,7,1,4,1,GET /media/ZaTY3UNb/ HTTP/1.1
23,1,404,500,8,5,1,3,1,GET /v2d3vmQx/ HTTP/1.1
123,1,200,2798,14,71,15,5,1,POST /index.php/component/users/?task=yxjge%3C%2F-%3Eyxjge%2F%2Ayxjge%22yxjgeyxjge%27yxjgeyxjge%60yxjgeyxjge%20%3D HTTP/1.1
31,1,200,817,11,10,1,5,0,GET /DVWA/dvwa/images/ HTTP/1.1
33,1,200,762,11,12,1,5,0,GET /DVWA/dvwa/includes/ HTTP/1.1
27,1,200,715,11,6,1,5,0,GET /DVWA/dvwa/js/ HTTP/1.1
30,1,200,507,7,14,2,3,0,GET /icons/folder.gif HTTP/1.1
157,3,200,1525,13,90,21,4,1,GET /index.php/2-uncategorised/1-testsayfasi?tmpl=component&print=qg5sb%3C%2F-%3Eqg5sb%2F%2Aqg5sb%22qg5sbqg5sb%27qg5sbqg5sb%60qg5sbqg5sb%20%3D&page= HTTP/1.1
61,2,200,2093,7,39,7,3,0,GET /index.php/2-uncategorised?format=feed&type=atom HTTP/1.1
60,2,200,1057,7,38,7,3,0,GET /index.php/2-uncategorised?format=feed&type=rss HTTP/1.1
43,1,404,3990,9,22,2,5,1,GET /index.php/component/eds0yvFR/ HTTP/1.1
155,3,200,1729,13,79,19,5,1,GET /index.php/component/mailto/?tmpl=component&template=beez_20&link=0z4ce%3C%2F-%3E0z4ce%2F%2A0z4ce%220z4ce0z4ce%270z4ce0z4ce%600z4ce0z4ce%20%3D HTTP/1.1
41,1,200,3053,7,23,2,5,0,GET /index.php/component/search/ HTTP/1.1
62,1,200,2763,7,30,8,5,1,GET /index.php/component/users/?task=a%27b%22c%27d%22 HTTP/1.1
59,1,200,237,7,38,5,5,0,GET /index.php/component/users/?task=reset.request HTTP/1.1
122,1,200,2797,13,62,15,5,1,GET /index.php/component/users/?task=wmhd6%3C%2F-%3Ewmhd6%2F%2Awmhd6%22wmhd6wmhd6%27wmhd6wmhd6%60wmhd6wmhd6%20%3D HTTP/1.1
33,1,404,3993,9,13,2,4,1,GET /index.php/gxnOzKo6/ HTTP/1.1
62,1,200,2744,11,29,8,5,1,POST /index.php/component/users/?task=amt00%3C%2F-%3E HTTP/1.1
58,1,200,2761,9,28,6,5,0,POST /index.php/component/users/?task=c0f31%20%3D HTTP/1.1
58,1,200,2760,10,31,6,5,0,POST /index.php/component/users/?task=edzcj%2F%2A HTTP/1.1
60,1,200,2760,10,34,5,5,1,POST /index.php/component/users/?task=kqIho%22kqIho HTTP/1.1
60,1,200,2762,8,32,5,5,1,POST /index.php/component/users/?task=o1rn8%27o1rn8 HTTP/1.1
60,1,200,2762,8,34,5,5,0,POST /index.php/component/users/?task=pqri7%60pqri7 HTTP/1.1
33,1,404,510,15,7,1,5,1,GET /DVWA/dvwa/qLGjf8VW/ HTTP/1.1
33,1,404,510,12,10,1,5,1,GET /DVWA/dvwa/y1qynqqX/ HTTP/1.1
96,3,200,1525,10,58,14,4,1,GET /index.php/2-uncategorised/1-testsayfasi?tmpl=component&print=bmjb1%3C%2F-%3E&page= HTTP/1.1
94,3,200,1525,7,60,11,4,0,GET /index.php/2-uncategorised/1-testsayfasi?tmpl=component&print=gmv73%60gmv73&page= HTTP/1.1
92,3,200,1525,9,59,12,4,0,GET /index.php/2-uncategorised/1-testsayfasi?tmpl=component&print=jrrgh%2F%2A&page= HTTP/1.1
92,3,200,1525,9,57,12,4,0,GET /index.php/2-uncategorised/1-testsayfasi?tmpl=component&print=rbIt8%20%3D&page= HTTP/1.1
94,3,200,1525,7,64,11,4,1,GET /index.php/2-uncategorised/1-testsayfasi?tmpl=component&print=ruxcx%22ruxcx&page= HTTP/1.1
94,3,200,1525,7,64,11,4,1,GET /index.php/2-uncategorised/1-testsayfasi?tmpl=component&print=vwcfz%27vwcfz&page= HTTP/1.1
90,3,200,1723,9,56,10,5,0,GET /index.php/component/mailto/?tmpl=component&template=beez_20&link=1jmah%2F%2A HTTP/1.1
92,3,200,1724,7,58,9,5,1,GET /index.php/component/mailto/?tmpl=component&template=beez_20&link=1xc5o%221xc5o HTTP/1.1
92,3,200,1725,7,60,9,5,0,GET /index.php/component/mailto/?tmpl=component&template=beez_20&link=fy2jb%60fy2jb HTTP/1.1
94,3,200,1724,10,56,12,5,1,GET /index.php/component/mailto/?tmpl=component&template=beez_20&link=kwpx3%3C%2F-%3E HTTP/1.1
92,3,200,1724,7,62,9,5,1,GET /index.php/component/mailto/?tmpl=component&template=beez_20&link=ohatx%27ohatx HTTP/1.1
90,3,200,1724,8,56,10,5,0,GET /index.php/component/mailto/?tmpl=component&template=beez_20&link=opf9b%20%3D HTTP/1.1
15,1,200,237,8,0,1,2,0,POST / HTTP/1.1
158,3,200,1523,13,81,21,4,1,GET /index.php/2-uncategorised/1-testsayfasi?tmpl=component&print=1&page=71pay%3C%2F-%3E71pay%2F%2A71pay%2271pay71pay%2771pay71pay%6071pay71pay%20%3D HTTP/1.1
59,1,200,2761,7,34,5,5,1,GET /index.php/component/users/?task=0oufl%220oufl HTTP/1.1
57,1,200,2760,9,30,6,5,0,GET /index.php/component/users/?task=5jpmx%2F%2A HTTP/1.1
57,1,200,2760,8,29,6,5,0,GET /index.php/component/users/?task=en2p8%20%3D HTTP/1.1
59,1,200,2761,7,36,5,5,0,GET /index.php/component/users/?task=lkhuw%60lkhuw HTTP/1.1
56,1,200,237,7,35,5,5,0,GET /index.php/component/users/?task=user.login HTTP/1.1
61,1,200,2743,10,31,8,5,1,GET /index.php/component/users/?task=wexst%3C%2F-%3E HTTP/1.1
59,1,200,2761,7,32,5,5,1,GET /index.php/component/users/?task=z6o9j%27z6o9j HTTP/1.1
122,1,500,2125,13,44,15,5,1,GET /index.php/component/users/?view=28y3f%3C%2F-%3E28y3f%2F%2A28y3f%2228y3f28y3f%2728y3f28y3f%6028y3f28y3f%20%3D HTTP/1.1
43,1,404,3990,12,19,2,5,1,GET /index.php/component/V1JmJSVs/ HTTP/1.1
95,3,200,1525,7,62,11,4,1,GET /index.php/2-uncategorised/1-testsayfasi?tmpl=component&print=1&page=amj8g%22amj8g HTTP/1.1
97,3,200,1524,10,58,14,4,1,GET /index.php/2-uncategorised/1-testsayfasi?tmpl=component&print=1&page=cvdx8%3C%2F-%3E HTTP/1.1
95,3,200,1525,7,60,11,4,1,GET /index.php/2-uncategorised/1-testsayfasi?tmpl=component&print=1&page=kd54b%27kd54b HTTP/1.1
95,3,200,1525,7,64,11,4,0,GET /index.php/2-uncategorised/1-testsayfasi?tmpl=component&print=1&page=pxxxl%60pxxxl HTTP/1.1
93,3,200,1524,9,57,12,4,0,GET /index.php/2-uncategorised/1-testsayfasi?tmpl=component&print=1&page=u9em9%2F%2A HTTP/1.1
93,3,200,1525,8,59,12,4,0,GET /index.php/2-uncategorised/1-testsayfasi?tmpl=component&print=1&page=zanvc%20%3D HTTP/1.1
43,1,404,3990,11,20,2,5,1,GET /index.php/component/QhS6PiHh/ HTTP/1.1
59,1,500,2053,7,34,5,5,1,GET /index.php/component/users/?view=b1hkl%60b1hkl HTTP/1.1
59,1,500,2053,7,34,5,5,1,GET /index.php/component/users/?view=c5rdb%27c5rdb HTTP/1.1
57,1,500,2043,9,31,6,5,1,GET /index.php/component/users/?view=dmtlu%2F%2A HTTP/1.1
57,1,500,2043,8,31,6,5,1,GET /index.php/component/users/?view=hwius%20%3D HTTP/1.1
61,1,500,2045,10,30,8,5,1,GET /index.php/component/users/?view=y9uty%3C%2F-%3E HTTP/1.1
59,1,500,2053,7,36,5,5,1,GET /index.php/component/users/?view=zbwqj%22zbwqj HTTP/1.1
116,2,500,2099,13,48,17,2,1,GET /index.php?format=23isi%3C%2F-%3E23isi%2F%2A23isi%2223isi23isi%2723isi23isi%6023isi23isi%20%3D&type=rss HTTP/1.1
56,2,500,2053,7,25,10,2,1,GET /index.php?format=a%27b%22c%27d%22&type=rss HTTP/1.1
57,2,500,1983,7,26,10,2,1,GET /index.php?format=feed&type=a%27b%22c%27d%22 HTTP/1.1
42,1,500,1924,8,23,2,5,1,POST /index.php/component/search/ HTTP/1.1
57,2,500,2053,7,26,10,2,1,GET /index.php?format=a%27b%22c%27d%22&type=atom HTTP/1.1
53,2,500,2057,7,27,7,2,1,GET /index.php?format=00epx%6000epx&type=rss HTTP/1.1
55,2,500,2053,10,25,10,2,1,GET /index.php?format=8kuoz%3C%2F-%3E&type=rss HTTP/1.1
53,2,500,2065,7,31,7,2,1,GET /index.php?format=gcblo%27gcblo&type=rss HTTP/1.1
117,2,500,2135,13,67,17,2,1,GET /index.php?format=kbavw%3C%2F-%3Ekbavw%2F%2Akbavw%22kbavwkbavw%27kbavwkbavw%60kbavwkbavw%20%3D&type=atom HTTP/1.1
53,2,500,2065,7,31,7,2,1,GET /index.php?format=mybva%22mybva&type=rss HTTP/1.1
51,2,500,2053,8,25,8,2,1,GET /index.php?format=t3fba%20%3D&type=rss HTTP/1.1
51,2,500,2055,9,26,8,2,1,GET /index.php?format=trlot%2F%2A&type=rss HTTP/1.1
47,1,404,3990,7,18,8,2,1,GET /index.php?option=a%27b%22c%27d%22 HTTP/1.1
107,1,404,3990,13,50,15,2,1,GET /index.php?option=pgmh7%3C%2F-%3Epgmh7%2F%2Apgmh7%22pgmh7pgmh7%27pgmh7pgmh7%60pgmh7pgmh7%20%3D HTTP/1.1
41,1,200,753,11,19,2,5,0,GET /DVWA/dvwa/images/dollar.png HTTP/1.1
39,1,200,1309,11,17,2,5,0,GET /DVWA/dvwa/images/lock.png HTTP/1.1
39,1,304,180,11,17,2,5,0,GET /DVWA/dvwa/images/logo.png HTTP/1.1
46,1,200,7308,13,22,2,5,0,GET /DVWA/dvwa/images/RandomStorm.png HTTP/1.1
42,1,200,999,11,20,2,5,0,GET /DVWA/dvwa/images/spanner.png HTTP/1.1
42,1,200,826,11,20,2,5,0,GET /DVWA/dvwa/images/warning.png HTTP/1.1
30,1,200,592,7,13,2,3,0,GET /icons/image2.gif HTTP/1.1
54,2,500,2053,7,26,7,2,1,GET /index.php?format=06h3a%6006h3a&type=atom HTTP/1.1
52,2,500,2053,8,26,8,2,1,GET /index.php?format=hbf0r%20%3D&type=atom HTTP/1.1
56,2,500,2051,10,25,10,2,1,GET /index.php?format=hp99v%3C%2F-%3E&type=atom HTTP/1.1
52,2,500,2053,10,25,8,2,1,GET /index.php?format=oI2ey%2F%2A&type=atom HTTP/1.1
54,2,500,2065,7,32,7,2,1,GET /index.php?format=prrgy%22prrgy&type=atom HTTP/1.1
54,2,500,2065,7,32,7,2,1,GET /index.php?format=uwqqo%27uwqqo&type=atom HTTP/1.1
46,1,404,3991,11,18,8,2,1,GET /index.php?option=Iqydv%3C%2F-%3E HTTP/1.1
44,1,404,3990,7,24,5,2,1,GET /index.php?option=odtmi%22odtmi HTTP/1.1
42,1,404,3990,9,19,6,2,1,GET /index.php?option=ooune%2F%2A HTTP/1.1
38,1,200,752,15,12,1,6,0,GET /DVWA/dvwa/includes/DBMS/ HTTP/1.1
49,1,200,223,12,25,3,5,0,GET /DVWA/dvwa/includes/dvwaPage.inc.php HTTP/1.1
51,1,200,223,13,26,3,5,0,GET /DVWA/dvwa/includes/dvwaPhpIds.inc.php HTTP/1.1
38,1,200,762,12,15,2,5,0,GET /DVWA/dvwa/js/dvwaPage.js HTTP/1.1
31,1,200,527,7,15,2,3,0,GET /icons/unknown.gif HTTP/1.1
117,2,500,1983,13,58,17,2,1,GET /index.php?format=feed&type=bbj8f%3C%2F-%3Ebbj8f%2F%2Abbj8f%22bbj8fbbj8f%27bbj8fbbj8f%60bbj8fbbj8f%20%3D HTTP/1.1
117,2,500,1983,13,58,17,2,1,GET /index.php?format=feed&type=rlbk0%3C%2F-%3Erlbk0%2F%2Arlbk0%22rlbk0rlbk0%27rlbk0rlbk0%60rlbk0rlbk0%20%3D HTTP/1.1
42,1,404,3991,8,17,6,2,1,GET /index.php?option=61jom%20%3D HTTP/1.1
44,1,404,3991,7,20,5,2,1,GET /index.php?option=9e9rb%609e9rb HTTP/1.1
44,1,404,3991,7,24,5,2,1,GET /index.php?option=sabcs%27sabcs HTTP/1.1
49,1,404,527,12,25,3,5,1,GET /DVWA/dvwa/includes/vdawaPeg.icn.php HTTP/1.1
52,2,500,1983,8,25,8,2,1,GET /index.php?format=feed&type=26azq%20%3D HTTP/1.1
56,2,500,1983,10,24,10,2,1,GET /index.php?format=feed&type=8t2s7%3C%2F-%3E HTTP/1.1
54,2,500,1983,9,28,7,2,1,GET /index.php?format=feed&type=aIgg4%27aIgg4 HTTP/1.1
52,2,500,1983,8,25,8,2,1,GET /index.php?format=feed&type=fp12y%20%3D HTTP/1.1
54,2,500,1983,7,28,7,2,1,GET /index.php?format=feed&type=kb25a%60kb25a HTTP/1.1
54,2,500,1983,7,32,7,2,1,GET /index.php?format=feed&type=kzduj%27kzduj HTTP/1.1
52,2,500,1983,9,26,8,2,1,GET /index.php?format=feed&type=l9ydc%2F%2A HTTP/1.1
56,2,500,1983,10,27,10,2,1,GET /index.php?format=feed&type=nfqtk%3C%2F-%3E HTTP/1.1
54,2,500,1983,7,30,7,2,1,GET /index.php?format=feed&type=sg1uo%22sg1uo HTTP/1.1
52,2,500,1983,9,27,8,2,1,GET /index.php?format=feed&type=swtxb%2F%2A HTTP/1.1
54,2,500,1983,7,30,7,2,1,GET /index.php?format=feed&type=xgbb4%60xgbb4 HTTP/1.1
54,2,500,1983,7,32,7,2,1,GET /index.php?format=feed&type=xhrgv%22xhrgv HTTP/1.1
60,1,200,237,8,38,5,5,0,POST /index.php/component/users/?task=reset.request HTTP/1.1
42,1,404,520,16,13,1,6,1,GET /DVWA/dvwa/includes/N9y6HJYH/ HTTP/1.1
51,1,404,528,13,26,3,5,1,GET /DVWA/dvwa/includes/vdawhPIpsd.icn.php HTTP/1.1
38,1,404,515,12,15,2,5,1,GET /DVWA/dvwa/js/vdawaPeg.js HTTP/1.1
123,1,200,2799,14,71,15,5,1,POST /index.php/component/users/?task=uipza%3C%2F-%3Euipza%2F%2Auipza%22uipzauipza%27uipzauipza%60uipzauipza%20%3D HTTP/1.1
122,1,200,2780,13,71,15,5,1,GET /index.php/component/users/?task=dyfnq%3C%2F-%3Edyfnq%2F%2Adyfnq%22dyfnqdyfnq%27dyfnqdyfnq%60dyfnqdyfnq%20%3D HTTP/1.1
60,1,200,2770,8,36,5,5,0,POST /index.php/component/users/?task=drcql%60drcql HTTP/1.1
60,1,200,2768,8,36,5,5,1,POST /index.php/component/users/?task=fvkmg%22fvkmg HTTP/1.1
60,1,200,2760,8,34,5,5,1,POST /index.php/component/users/?task=gwh6z%27gwh6z HTTP/1.1
58,1,200,2760,9,31,6,5,0,POST /index.php/component/users/?task=hroap%20%3D HTTP/1.1
62,1,200,2751,11,30,8,5,1,POST /index.php/component/users/?task=jwf2j%3C%2F-%3E HTTP/1.1
58,1,200,2760,10,29,6,5,0,POST /index.php/component/users/?task=uam59%2F%2A HTTP/1.1
46,1,200,223,19,15,2,6,0,GET /DVWA/dvwa/includes/DBMS/DBMS.php HTTP/1.1
47,1,500,206,19,16,2,6,1,GET /DVWA/dvwa/includes/DBMS/MySQL.php HTTP/1.1
47,1,500,206,20,15,2,6,1,GET /DVWA/dvwa/includes/DBMS/PGSQL.php HTTP/1.1
59,1,200,2760,7,34,5,5,1,GET /index.php/component/users/?task=2qahv%222qahv HTTP/1.1
57,1,200,2760,10,30,6,5,0,GET /index.php/component/users/?task=iIxmo%2F%2A HTTP/1.1
61,1,200,2742,11,29,8,5,1,GET /index.php/component/users/?task=oIm8c%3C%2F-%3E HTTP/1.1
57,1,200,2759,8,31,6,5,0,GET /index.php/component/users/?task=tcsfs%20%3D HTTP/1.1
59,1,200,2760,7,36,5,5,1,GET /index.php/component/users/?task=tmbyf%27tmbyf HTTP/1.1
59,1,200,2761,7,36,5,5,0,GET /index.php/component/users/?task=towkw%60towkw HTTP/1.1
46,1,404,523,19,15,2,6,1,GET /DVWA/dvwa/includes/DBMS/BDSM.php HTTP/1.1
47,1,404,525,20,15,2,6,1,GET /DVWA/dvwa/includes/DBMS/GPQSL.php HTTP/1.1
47,1,404,524,19,16,2,6,1,GET /DVWA/dvwa/includes/DBMS/yMQSL.php HTTP/1.1
58,1,200,2760,9,30,6,5,0,POST /index.php/component/users/?task=7uukl%20%3D HTTP/1.1
62,1,200,2743,11,27,8,5,1,POST /index.php/component/users/?task=914h1%3C%2F-%3E HTTP/1.1
60,1,200,2760,8,34,5,5,1,POST /index.php/component/users/?task=bp0nr%22bp0nr HTTP/1.1
60,1,200,2762,8,36,5,5,0,POST /index.php/component/users/?task=cgrnt%60cgrnt HTTP/1.1
60,1,200,2761,8,36,5,5,1,POST /index.php/component/users/?task=mdjrp%27mdjrp HTTP/1.1
57,1,500,1924,8,35,5,5,1,POST /index.php/component/users/?task=user.login HTTP/1.1
58,1,200,2760,10,31,6,5,0,POST /index.php/component/users/?task=xwvkt%2F%2A HTTP/1.1
73,2,500,2053,7,39,11,3,1,GET /index.php/2-uncategorised?format=a%27b%22c%27d%22&type=atom HTTP/1.1
72,2,500,2053,7,38,11,3,1,GET /index.php/2-uncategorised?format=a%27b%22c%27d%22&type=rss HTTP/1.1
68,2,500,2055,9,39,9,3,1,GET /index.php/2-uncategorised?format=aIdqo%20%3D&type=atom HTTP/1.1
132,2,500,2117,13,70,18,3,1,GET /index.php/2-uncategorised?format=bnv6c%3C%2F-%3Ebnv6c%2F%2Abnv6c%22bnv6cbnv6c%27bnv6cbnv6c%60bnv6cbnv6c%20%3D&type=rss HTTP/1.1
70,2,500,2065,7,45,8,3,1,GET /index.php/2-uncategorised?format=cxgir%27cxgir&type=atom HTTP/1.1
73,2,500,1983,7,39,11,3,1,GET /index.php/2-uncategorised?format=feed&type=a%27b%22c%27d%22 HTTP/1.1
68,2,500,2055,9,40,9,3,1,GET /index.php/2-uncategorised?format=fhcln%2F%2A&type=atom HTTP/1.1
70,2,500,2061,7,43,8,3,1,GET /index.php/2-uncategorised?format=na9on%22na9on&type=atom HTTP/1.1
70,2,500,2065,7,45,8,3,1,GET /index.php/2-uncategorised?format=obdaz%60obdaz&type=atom HTTP/1.1
72,2,500,2053,10,39,11,3,1,GET /index.php/2-uncategorised?format=sdls2%3C%2F-%3E&type=atom HTTP/1.1
133,2,500,2117,13,71,18,3,1,GET /index.php/2-uncategorised?format=zq8au%3C%2F-%3Ezq8au%2F%2Azq8au%22zq8auzq8au%27zq8auzq8au%60zq8auzq8au%20%3D&type=atom HTTP/1.1
67,2,500,2051,9,37,9,3,1,GET /index.php/2-uncategorised?format=7qcb9%2F%2A&type=rss HTTP/1.1
69,2,500,2061,7,42,8,3,1,GET /index.php/2-uncategorised?format=dsa6f%60dsa6f&type=rss HTTP/1.1
133,2,500,1983,13,71,18,3,1,GET /index.php/2-uncategorised?format=feed&type=hp6om%3C%2F-%3Ehp6om%2F%2Ahp6om%22hp6omhp6om%27hp6omhp6om%60hp6omhp6om%20%3D HTTP/1.1
69,2,500,2065,9,42,8,3,1,GET /index.php/2-uncategorised?format=Iippm%27Iippm&type=rss HTTP/1.1
71,2,500,2055,10,39,11,3,1,GET /index.php/2-uncategorised?format=mrvwy%3C%2F-%3E&type=rss HTTP/1.1
67,2,500,2055,8,39,9,3,1,GET /index.php/2-uncategorised?format=rtkwv%20%3D&type=rss HTTP/1.1
69,2,500,2065,7,44,8,3,1,GET /index.php/2-uncategorised?format=xgnai%22xgnai&type=rss HTTP/1.1
68,2,500,1983,9,38,9,3,1,GET /index.php/2-uncategorised?format=feed&type=bI6yw%20%3D HTTP/1.1
68,2,500,1983,9,40,9,3,1,GET /index.php/2-uncategorised?format=feed&type=feqry%2F%2A HTTP/1.1
70,2,500,1983,7,45,8,3,1,GET /index.php/2-uncategorised?format=feed&type=inxzj%22inxzj HTTP/1.1
72,2,500,1983,10,40,11,3,1,GET /index.php/2-uncategorised?format=feed&type=jgeaa%3C%2F-%3E HTTP/1.1
133,2,500,1983,13,71,18,3,1,GET /index.php/2-uncategorised?format=feed&type=lpc9b%3C%2F-%3Elpc9b%2F%2Alpc9b%22lpc9blpc9b%27lpc9blpc9b%60lpc9blpc9b%20%3D HTTP/1.1
70,2,500,1983,7,43,8,3,1,GET /index.php/2-uncategorised?format=feed&type=m6rqo%27m6rqo HTTP/1.1
70,2,500,1983,7,43,8,3,1,GET /index.php/2-uncategorised?format=feed&type=tqgg4%60tqgg4 HTTP/1.1
122,1,200,2795,13,71,15,5,1,GET /index.php/component/users/?task=yobrx%3C%2F-%3Eyobrx%2F%2Ayobrx%22yobrxyobrx%27yobrxyobrx%60yobrxyobrx%20%3D HTTP/1.1
70,2,500,1983,7,43,8,3,1,GET /index.php/2-uncategorised?format=feed&type=cquu1%22cquu1 HTTP/1.1
70,2,500,1983,9,43,8,3,1,GET /index.php/2-uncategorised?format=feed&type=lqueI%27lqueI HTTP/1.1
68,2,500,1983,9,39,9,3,1,GET /index.php/2-uncategorised?format=feed&type=m6gbf%2F%2A HTTP/1.1
70,2,500,1983,7,45,8,3,1,GET /index.php/2-uncategorised?format=feed&type=mhzal%60mhzal HTTP/1.1
72,2,500,1983,10,40,11,3,1,GET /index.php/2-uncategorised?format=feed&type=rxmox%3C%2F-%3E HTTP/1.1
68,2,500,1983,8,39,9,3,1,GET /index.php/2-uncategorised?format=feed&type=w6vdc%20%3D HTTP/1.1
59,1,200,2747,7,34,5,5,1,GET /index.php/component/users/?task=fqg2k%27fqg2k HTTP/1.1
61,1,200,2732,10,31,8,5,1,GET /index.php/component/users/?task=hklsr%3C%2F-%3E HTTP/1.1
59,1,200,2749,7,34,5,5,0,GET /index.php/component/users/?task=iylt5%60iylt5 HTTP/1.1
59,1,200,2746,7,36,5,5,1,GET /index.php/component/users/?task=vdwrs%22vdwrs HTTP/1.1
57,1,200,2748,8,30,6,5,0,GET /index.php/component/users/?task=wrf2q%20%3D HTTP/1.1
57,1,200,2749,9,31,6,5,0,GET /index.php/component/users/?task=yswge%2F%2A HTTP/1.1
123,1,200,2799,14,71,15,5,1,POST /index.php/component/users/?task=wbxsw%3C%2F-%3Ewbxsw%2F%2Awbxsw%22wbxswwbxsw%27wbxswwbxsw%60wbxswwbxsw%20%3D HTTP/1.1
122,1,200,2797,13,71,15,5,1,GET /index.php/component/users/?task=euxta%3C%2F-%3Eeuxta%2F%2Aeuxta%22euxtaeuxta%27euxtaeuxta%60euxtaeuxta%20%3D HTTP/1.1
60,1,200,2762,8,32,5,5,0,POST /index.php/component/users/?task=7s9yl%607s9yl HTTP/1.1
60,1,200,2760,8,32,5,5,1,POST /index.php/component/users/?task=cl31g%27cl31g HTTP/1.1
58,1,200,2759,9,31,6,5,0,POST /index.php/component/users/?task=jmlfq%20%3D HTTP/1.1
60,1,200,2760,8,34,5,5,1,POST /index.php/component/users/?task=n7fmq%22n7fmq HTTP/1.1
58,1,200,2760,10,30,6,5,0,POST /index.php/component/users/?task=pfe8s%2F%2A HTTP/1.1
62,1,200,2745,11,31,8,5,1,POST /index.php/component/users/?task=pgpzx%3C%2F-%3E HTTP/1.1
59,1,200,2761,7,30,5,5,1,GET /index.php/component/users/?task=548un%27548un HTTP/1.1
61,1,200,2746,10,30,8,5,1,GET /index.php/component/users/?task=awaw4%3C%2F-%3E HTTP/1.1
59,1,200,2760,7,36,5,5,1,GET /index.php/component/users/?task=drgvt%22drgvt HTTP/1.1
57,1,200,2758,8,31,6,5,0,GET /index.php/component/users/?task=ehqnj%20%3D HTTP/1.1
59,1,200,2761,7,36,5,5,0,GET /index.php/component/users/?task=gfwto%60gfwto HTTP/1.1
57,1,200,2759,9,30,6,5,0,GET /index.php/component/users/?task=sv1kt%2F%2A HTTP/1.1
26,1,404,504,10,5,2,2,1,GET /2gVE2t0H.htm HTTP/1.1
25,1,404,503,9,6,2,2,1,GET /3Ogzza1Z.rb HTTP/1.1
28,1,404,506,10,8,2,2,1,GET /3ZQHwy4b.xhtml HTTP/1.1
29,1,404,507,10,10,2,2,1,GET /9dWDimSt.foobar HTTP/1.1
28,1,404,506,11,6,2,2,1,GET /A9a9PWS8.htmls HTTP/1.1
25,1,404,503,13,4,2,2,1,GET /PuWJSqMP.do HTTP/1.1
26,1,404,503,8,10,2,2,1,GET /tmirrzpE.cgi HTTP/1.1
25,1,404,503,10,5,2,2,1,GET /uvSn1B0I.pl HTTP/1.1
26,1,404,504,12,5,2,2,1,GET /UW7XwHZj.gif HTTP/1.1
26,1,404,504,12,5,2,2,1,GET /v6AkQOHL.asp HTTP/1.1
26,1,404,504,10,7,2,2,1,GET /vtHeW4Ad.jsp HTTP/1.1
27,1,404,505,12,7,2,2,1,GET /dQvtPMUG.aspx HTTP/1.1
25,1,404,503,11,5,2,2,1,GET /RrDl1YvV.py HTTP/1.1
26,1,404,504,9,7,2,2,1,GET /uk5RhS7k.php HTTP/1.1
26,1,404,504,10,7,2,2,1,GET /0yaSRvBt.htm HTTP/1.1
26,1,404,503,11,6,2,2,1,GET /5XkERGeb.cgi HTTP/1.1
26,1,404,504,9,9,2,2,1,GET /dnANxgex.php HTTP/1.1
26,1,404,504,11,5,2,2,1,GET /E9MV4Yng.gif HTTP/1.1
25,1,404,503,13,4,2,2,1,GET /gCGQXqPH.py HTTP/1.1
26,1,404,504,12,6,2,2,1,GET /LPeQFRnt.asp HTTP/1.1
29,1,404,507,10,9,2,2,1,GET /NlER5jz6.foobar HTTP/1.1
27,1,404,505,11,8,2,2,1,GET /OlefVXVj.aspx HTTP/1.1
25,1,404,503,11,6,2,2,1,GET /pxuTXWoU.do HTTP/1.1
25,1,404,503,9,7,2,2,1,GET /wmCvam9W.rb HTTP/1.1
28,1,404,506,9,8,2,2,1,GET /WqL5h30i.htmls HTTP/1.1
25,1,404,503,10,6,2,2,1,GET /f7FNtcfG.pl HTTP/1.1
28,1,404,506,12,7,2,2,1,GET /N5OhFPbC.xhtml HTTP/1.1
26,1,404,504,10,8,2,2,1,GET /fHrdSurV.jsp HTTP/1.1
28,1,404,506,9,10,2,2,1,GET /3PpvqLig.htmls HTTP/1.1
26,1,404,504,8,7,2,2,1,GET /7S7nbcl1.gif HTTP/1.1
25,1,404,503,11,5,2,2,1,GET /BXJFh5md.do HTTP/1.1
26,1,404,504,13,5,2,2,1,GET /DvXQZZUx.asp HTTP/1.1
29,1,404,507,9,9,2,2,1,GET /E3x49iMm.foobar HTTP/1.1
25,1,404,503,11,4,2,2,1,GET /Ki3DeCO7.pl HTTP/1.1
25,1,404,503,11,6,2,2,1,GET /mwinTLXV.py HTTP/1.1
26,1,404,504,9,6,2,2,1,GET /O254sXvh.htm HTTP/1.1
26,1,404,503,12,6,2,2,1,GET /OKqLHFom.cgi HTTP/1.1
28,1,404,506,13,7,2,2,1,GET /yIMRUkMN.xhtml HTTP/1.1
25,1,404,503,11,6,2,2,1,GET /kUwkwDQE.rb HTTP/1.1
27,1,404,505,12,6,2,2,1,GET /2dLCKFyV.aspx HTTP/1.1
26,1,404,504,12,5,2,2,1,GET /AsI4kBKJ.jsp HTTP/1.1
26,1,404,504,11,7,2,2,1,GET /jUDlIiRd.php HTTP/1.1
23,1,404,500,10,3,1,3,1,GET /0VjoLYa8/ HTTP/1.1
47,1,404,524,7,26,2,5,1,GET /templates/beez_20/css/egenarl.css HTTP/1.1
49,1,404,526,8,30,2,5,1,GET /media/system/images/meiaBltuotn.png HTTP/1.1
29,1,404,506,9,10,1,4,1,GET /media/AE1fjjgy/ HTTP/1.1
23,1,404,500,7,8,2,2,1,GET /niedx.php HTTP/1.1
23,1,404,500,11,4,1,3,1,GET /yTMAjnAp/ HTTP/1.1
23,1,404,500,12,2,1,3,1,GET /ZHRyVSn4/ HTTP/1.1
33,1,404,510,9,15,1,4,1,GET /templates/InWsksmx/ HTTP/1.1
28,1,404,505,16,2,1,4,1,GET /DVWA/5KGoSQmL/ HTTP/1.1
33,1,404,511,16,7,1,5,1,GET /DVWA/dvwa/hMDZCJig/ HTTP/1.1
33,1,404,510,13,10,1,5,1,GET /DVWA/dvwa/ZqiqzFmv/ HTTP/1.1
42,1,404,519,14,14,1,6,1,GET /DVWA/dvwa/includes/68CbHjP8/ HTTP/1.1
25,1,404,502,7,10,2,2,1,GET /favicon.ico HTTP/1.1
30,1,200,1705,11,10,2,3,0,GET /DVWA/favicon.ico HTTP/1.1
28,1,200,2021,11,8,2,3,0,GET /DVWA/index.php HTTP/1.1
31,1,200,1821,11,11,2,3,0,GET /DVWA/security.php HTTP/1.1
32,1,302,419,12,11,2,3,0,POST /DVWA/security.php HTTP/1.1
28,1,200,1698,11,8,2,3,0,GET /DVWA/setup.php HTTP/1.1
31,1,404,451,13,8,2,3,1,GET /DVWA/m0vhQxdE.cgi HTTP/1.1
30,1,404,450,14,5,2,3,1,GET /DVWA/SyUo4P2h.py HTTP/1.1
31,1,404,451,15,4,2,3,1,GET /DVWA/KAx7AK16.php HTTP/1.1
31,1,404,451,15,7,2,3,1,GET /DVWA/jrFSslGL.gif HTTP/1.1
32,1,404,452,16,7,2,3,1,GET /DVWA/KddRfFHG.aspx HTTP/1.1
31,1,404,451,15,6,2,3,1,GET /DVWA/lqNnAUI9.htm HTTP/1.1
31,1,404,451,13,7,2,3,1,GET /DVWA/wTvga18G.asp HTTP/1.1
34,1,404,454,15,10,2,3,1,GET /DVWA/ztSyoXMA.foobar HTTP/1.1
31,1,404,451,12,7,2,3,1,GET /DVWA/g8R2w8zf.jsp HTTP/1.1
30,1,404,450,15,5,2,3,1,GET /DVWA/lbYkG3KH.do HTTP/1.1
33,1,404,453,14,8,2,3,1,GET /DVWA/dVw2TGl4.xhtml HTTP/1.1
30,1,404,450,12,7,2,3,1,GET /DVWA/ncn0a9Jf.pl HTTP/1.1
30,1,404,450,14,3,2,3,1,GET /DVWA/U8FL8f55.rb HTTP/1.1
33,1,404,453,16,7,2,3,1,GET /DVWA/CO2VmUKr.htmls HTTP/1.1
31,1,404,451,16,5,2,3,1,GET /DVWA/uCgXF1HB.cgi HTTP/1.1
31,1,404,451,14,7,2,3,1,GET /DVWA/IzroUJa1.php HTTP/1.1
32,1,404,452,14,8,2,3,1,GET /DVWA/tjhBjMN6.aspx HTTP/1.1
33,1,404,453,16,7,2,3,1,GET /DVWA/3DdVBTyX.htmls HTTP/1.1
30,1,404,450,17,2,2,3,1,GET /DVWA/OO7ADQ6U.rb HTTP/1.1
30,1,404,450,14,6,2,3,1,GET /DVWA/oH8ubNkM.pl HTTP/1.1
30,1,404,450,15,4,2,3,1,GET /DVWA/57TNakRB.py HTTP/1.1
30,1,404,450,12,9,2,3,1,GET /DVWA/ewqdiuPi.do HTTP/1.1
31,1,404,451,14,6,2,3,1,GET /DVWA/vNr1ED2y.asp HTTP/1.1
34,1,404,454,14,10,2,3,1,GET /DVWA/Z8yJGlrf.foobar HTTP/1.1
31,1,404,451,14,5,2,3,1,GET /DVWA/H0J5m0nH.jsp HTTP/1.1
31,1,404,451,14,7,2,3,1,GET /DVWA/cIS6Baqc.htm HTTP/1.1
31,1,404,451,15,6,2,3,1,GET /DVWA/BR3zjRfE.gif HTTP/1.1
33,1,404,453,12,12,2,3,1,GET /DVWA/sQgerkoh.xhtml HTTP/1.1
43,1,404,3990,10,22,2,5,1,GET /index.php/component/NQqoqmuP/ HTTP/1.1
43,1,404,3990,10,22,2,5,1,GET /index.php/component/ZsuJwpPw/ HTTP/1.1
43,1,404,3990,12,18,2,5,1,GET /index.php/component/P4EAFMp9/ HTTP/1.1
43,1,404,3990,10,19,2,5,1,GET /index.php/component/rMN75gK8/ HTTP/1.1
33,1,404,3993,9,11,2,4,1,GET /index.php/Q0t22yJu/ HTTP/1.1
84,3,200,338,8,48,12,4,0,GET /index.php/2-uncategorised/1-testsayfasi?tmpl=7cn7i%20%3D&print=1&page= HTTP/1.1
88,3,200,338,10,48,14,4,1,GET /index.php/2-uncategorised/1-testsayfasi?tmpl=e93hn%3C%2F-%3E&print=1&page= HTTP/1.1
86,3,200,339,7,53,11,4,0,GET /index.php/2-uncategorised/1-testsayfasi?tmpl=gydg2%60gydg2&print=1&page= HTTP/1.1
86,3,200,338,7,53,11,4,1,GET /index.php/2-uncategorised/1-testsayfasi?tmpl=o6osf%22o6osf&print=1&page= HTTP/1.1
84,3,200,338,9,50,12,4,0,GET /index.php/2-uncategorised/1-testsayfasi?tmpl=vwhtx%2F%2A&print=1&page= HTTP/1.1
149,3,200,338,13,90,21,4,1,GET /index.php/2-uncategorised/1-testsayfasi?tmpl=xjmmz%3C%2F-%3Exjmmz%2F%2Axjmmz%22xjmmzxjmmz%27xjmmzxjmmz%60xjmmzxjmmz%20%3D&print=1&page= HTTP/1.1
86,3,200,338,7,53,11,4,1,GET /index.php/2-uncategorised/1-testsayfasi?tmpl=yahn8%27yahn8&print=1&page= HTTP/1.1
186,3,200,338,13,108,19,5,1,GET /index.php/component/mailto/?tmpl=qujgq%3C%2F-%3Equjgq%2F%2Aqujgq%22qujgqqujgq%27qujgqqujgq%60qujgqqujgq%20%3D&template=beez_20&link=90ed7f9d717b47dafcf4b4c1bb9de7c57b1fb587 HTTP/1.1
158,3,200,1524,13,99,21,4,1,GET /index.php/2-uncategorised/1-testsayfasi?tmpl=component&print=1&page=exeix%3C%2F-%3Eexeix%2F%2Aexeix%22exeixexeix%27exeixexeix%60exeixexeix%20%3D HTTP/1.1
92,3,200,1525,8,58,12,4,0,GET /index.php/2-uncategorised/1-testsayfasi?tmpl=component&print=agf6x%20%3D&page= HTTP/1.1
157,3,200,1525,13,99,21,4,1,GET /index.php/2-uncategorised/1-testsayfasi?tmpl=component&print=cdxhb%3C%2F-%3Ecdxhb%2F%2Acdxhb%22cdxhbcdxhb%27cdxhbcdxhb%60cdxhbcdxhb%20%3D&page= HTTP/1.1
94,3,200,1525,7,64,11,4,0,GET /index.php/2-uncategorised/1-testsayfasi?tmpl=component&print=kymmn%60kymmn&page= HTTP/1.1
94,3,200,1525,7,64,11,4,1,GET /index.php/2-uncategorised/1-testsayfasi?tmpl=component&print=myicl%27myicl&page= HTTP/1.1
94,3,200,1525,7,60,11,4,1,GET /index.php/2-uncategorised/1-testsayfasi?tmpl=component&print=q6nr2%22q6nr2&page= HTTP/1.1
92,3,200,1525,9,59,12,4,0,GET /index.php/2-uncategorised/1-testsayfasi?tmpl=component&print=scesx%2F%2A&page= HTTP/1.1
96,3,200,1525,10,58,14,4,1,GET /index.php/2-uncategorised/1-testsayfasi?tmpl=component&print=thok6%3C%2F-%3E&page= HTTP/1.1
125,3,200,1856,7,76,9,5,1,GET /index.php/component/mailto/?tmpl=component&template=4rklv%274rklv&link=90ed7f9d717b47dafcf4b4c1bb9de7c57b1fb587 HTTP/1.1
123,3,200,1856,8,72,10,5,0,GET /index.php/component/mailto/?tmpl=component&template=dp6uy%20%3D&link=90ed7f9d717b47dafcf4b4c1bb9de7c57b1fb587 HTTP/1.1
127,3,200,1856,10,72,12,5,1,GET /index.php/component/mailto/?tmpl=component&template=fb6sk%3C%2F-%3E&link=90ed7f9d717b47dafcf4b4c1bb9de7c57b1fb587 HTTP/1.1
188,3,200,1856,13,113,19,5,1,GET /index.php/component/mailto/?tmpl=component&template=fmcnc%3C%2F-%3Efmcnc%2F%2Afmcnc%22fmcncfmcnc%27fmcncfmcnc%60fmcncfmcnc%20%3D&link=90ed7f9d717b47dafcf4b4c1bb9de7c57b1fb587 HTTP/1.1
123,3,200,1856,9,73,10,5,0,GET /index.php/component/mailto/?tmpl=component&template=jlytn%2F%2A&link=90ed7f9d717b47dafcf4b4c1bb9de7c57b1fb587 HTTP/1.1
125,3,200,1856,7,74,9,5,1,GET /index.php/component/mailto/?tmpl=component&template=mh33h%22mh33h&link=90ed7f9d717b47dafcf4b4c1bb9de7c57b1fb587 HTTP/1.1
125,3,200,1856,7,78,9,5,0,GET /index.php/component/mailto/?tmpl=component&template=wegsq%60wegsq&link=90ed7f9d717b47dafcf4b4c1bb9de7c57b1fb587 HTTP/1.1
125,3,200,338,10,68,12,5,1,GET /index.php/component/mailto/?tmpl=dyvsg%3C%2F-%3E&template=beez_20&link=90ed7f9d717b47dafcf4b4c1bb9de7c57b1fb587 HTTP/1.1
123,3,200,339,9,71,9,5,0,GET /index.php/component/mailto/?tmpl=Iytvb%60Iytvb&template=beez_20&link=90ed7f9d717b47dafcf4b4c1bb9de7c57b1fb587 HTTP/1.1
123,3,200,339,7,73,9,5,1,GET /index.php/component/mailto/?tmpl=sayoq%22sayoq&template=beez_20&link=90ed7f9d717b47dafcf4b4c1bb9de7c57b1fb587 HTTP/1.1
121,3,200,338,8,67,10,5,0,GET /index.php/component/mailto/?tmpl=t0ugr%20%3D&template=beez_20&link=90ed7f9d717b47dafcf4b4c1bb9de7c57b1fb587 HTTP/1.1
121,3,200,339,9,68,10,5,0,GET /index.php/component/mailto/?tmpl=unxdx%2F%2A&template=beez_20&link=90ed7f9d717b47dafcf4b4c1bb9de7c57b1fb587 HTTP/1.1
123,3,200,339,9,71,9,5,1,GET /index.php/component/mailto/?tmpl=xhIco%27xhIco&template=beez_20&link=90ed7f9d717b47dafcf4b4c1bb9de7c57b1fb587 HTTP/1.1
43,1,404,3990,9,20,2,5,1,GET /index.php/component/qal0DN03/ HTTP/1.1
95,3,200,1524,7,58,11,4,0,GET /index.php/2-uncategorised/1-testsayfasi?tmpl=component&print=1&page=5z6e2%605z6e2 HTTP/1.1
97,3,200,1524,10,59,14,4,1,GET /index.php/2-uncategorised/1-testsayfasi?tmpl=component&print=1&page=heauc%3C%2F-%3E HTTP/1.1
95,3,200,1524,9,62,11,4,1,GET /index.php/2-uncategorised/1-testsayfasi?tmpl=component&print=1&page=obcIb%22obcIb HTTP/1.1
93,3,200,1525,9,58,12,4,0,GET /index.php/2-uncategorised/1-testsayfasi?tmpl=component&print=1&page=ple5a%2F%2A HTTP/1.1
93,3,200,1524,8,59,12,4,0,GET /index.php/2-uncategorised/1-testsayfasi?tmpl=component&print=1&page=wryyb%20%3D HTTP/1.1
95,3,200,1525,7,60,11,4,1,GET /index.php/2-uncategorised/1-testsayfasi?tmpl=component&print=1&page=zuh85%27zuh85 HTTP/1.1
92,3,200,1725,7,58,9,5,0,GET /index.php/component/mailto/?tmpl=component&template=beez_20&link=0hbv8%600hbv8 HTTP/1.1
94,3,200,1723,10,55,12,5,1,GET /index.php/component/mailto/?tmpl=component&template=beez_20&link=7idy6%3C%2F-%3E HTTP/1.1
92,3,200,1724,7,60,9,5,1,GET /index.php/component/mailto/?tmpl=component&template=beez_20&link=gcer5%22gcer5 HTTP/1.1
92,3,200,1724,7,62,9,5,1,GET /index.php/component/mailto/?tmpl=component&template=beez_20&link=neypy%27neypy HTTP/1.1
90,3,200,1723,9,57,10,5,0,GET /index.php/component/mailto/?tmpl=component&template=beez_20&link=qwuah%2F%2A HTTP/1.1
90,3,200,1723,8,56,10,5,0,GET /index.php/component/mailto/?tmpl=component&template=beez_20&link=rs3kp%20%3D HTTP/1.1
155,3,200,1729,13,88,19,5,1,GET /index.php/component/mailto/?tmpl=component&template=beez_20&link=zwg2h%3C%2F-%3Ezwg2h%2F%2Azwg2h%22zwg2hzwg2h%27zwg2hzwg2h%60zwg2hzwg2h%20%3D HTTP/1.1
43,1,404,3990,12,18,2,5,1,GET /index.php/component/9YcICX5O/ HTTP/1.1
43,1,404,3990,11,21,2,5,1,GET /index.php/component/GhTpVHfj/ HTTP/1.1
57,1,500,2043,8,29,6,5,1,GET /index.php/component/users/?view=9un5v%20%3D HTTP/1.1
59,1,500,2053,7,34,5,5,1,GET /index.php/component/users/?view=ap7dt%22ap7dt HTTP/1.1
59,1,500,2053,7,36,5,5,1,GET /index.php/component/users/?view=nesqm%27nesqm HTTP/1.1
57,1,500,2043,9,31,6,5,1,GET /index.php/component/users/?view=nqqak%2F%2A HTTP/1.1
59,1,500,2053,7,36,5,5,1,GET /index.php/component/users/?view=pgjkr%60pgjkr HTTP/1.1
122,1,500,2125,13,71,15,5,1,GET /index.php/component/users/?view=pllqn%3C%2F-%3Epllqn%2F%2Apllqn%22pllqnpllqn%27pllqnpllqn%60pllqnpllqn%20%3D HTTP/1.1
61,1,500,2045,10,30,8,5,1,GET /index.php/component/users/?view=trq4v%3C%2F-%3E HTTP/1.1
54,2,500,2053,7,26,7,2,1,GET /index.php?format=20a5r%2720a5r&type=atom HTTP/1.1
52,2,500,1983,9,24,8,2,1,GET /index.php?format=feed&type=6s07u%2F%2A HTTP/1.1
54,2,500,1983,7,32,7,2,1,GET /index.php?format=feed&type=avqwj%22avqwj HTTP/1.1
56,2,500,1983,10,26,10,2,1,GET /index.php?format=feed&type=esa1t%3C%2F-%3E HTTP/1.1
117,2,500,1983,13,58,17,2,1,GET /index.php?format=feed&type=r5azc%3C%2F-%3Er5azc%2F%2Ar5azc%22r5azcr5azc%27r5azcr5azc%60r5azcr5azc%20%3D HTTP/1.1
52,2,500,1983,8,26,8,2,1,GET /index.php?format=feed&type=t1dyl%20%3D HTTP/1.1
54,2,500,1983,7,32,7,2,1,GET /index.php?format=feed&type=unvey%60unvey HTTP/1.1
54,2,500,1983,9,28,7,2,1,GET /index.php?format=feed&type=z9lIj%27z9lIj HTTP/1.1
52,2,500,2053,8,26,8,2,1,GET /index.php?format=kso9r%20%3D&type=atom HTTP/1.1
117,2,500,2135,13,67,17,2,1,GET /index.php?format=lmbax%3C%2F-%3Elmbax%2F%2Almbax%22lmbaxlmbax%27lmbaxlmbax%60lmbaxlmbax%20%3D&type=atom HTTP/1.1
54,2,500,2065,7,32,7,2,1,GET /index.php?format=otrxz%60otrxz&type=atom HTTP/1.1
52,2,500,2055,9,27,8,2,1,GET /index.php?format=ovsor%2F%2A&type=atom HTTP/1.1
56,2,500,2055,10,27,10,2,1,GET /index.php?format=qpejl%3C%2F-%3E&type=atom HTTP/1.1
54,2,500,2065,7,32,7,2,1,GET /index.php?format=skqkn%22skqkn&type=atom HTTP/1.1
117,2,500,1983,13,67,17,2,1,GET /index.php?format=feed&type=cvltt%3C%2F-%3Ecvltt%2F%2Acvltt%22cvlttcvltt%27cvlttcvltt%60cvlttcvltt%20%3D HTTP/1.1
54,2,500,1983,7,30,7,2,1,GET /index.php?format=feed&type=d6jxw%27d6jxw HTTP/1.1
52,2,500,1983,8,27,8,2,1,GET /index.php?format=feed&type=hkxvo%20%3D HTTP/1.1
54,2,500,1983,7,32,7,2,1,GET /index.php?format=feed&type=olhev%22olhev HTTP/1.1
56,2,500,1983,12,24,10,2,1,GET /index.php?format=feed&type=r7tII%3C%2F-%3E HTTP/1.1
54,2,500,1983,7,30,7,2,1,GET /index.php?format=feed&type=vah8a%60vah8a HTTP/1.1
52,2,500,1983,9,26,8,2,1,GET /index.php?format=feed&type=ydz0z%2F%2A HTTP/1.1
116,2,500,2117,13,57,17,2,1,GET /index.php?format=gxgn7%3C%2F-%3Egxgn7%2F%2Agxgn7%22gxgn7gxgn7%27gxgn7gxgn7%60gxgn7gxgn7%20%3D&type=rss HTTP/1.1
51,2,500,2051,9,24,8,2,1,GET /index.php?format=j47jf%2F%2A&type=rss HTTP/1.1
53,2,500,2065,9,29,7,2,1,GET /index.php?format=jImmp%60jImmp&type=rss HTTP/1.1
51,2,500,2053,8,25,8,2,1,GET /index.php?format=rzv7w%20%3D&type=rss HTTP/1.1
55,2,500,2055,10,26,10,2,1,GET /index.php?format=tzljj%3C%2F-%3E&type=rss HTTP/1.1
53,2,500,2065,7,31,7,2,1,GET /index.php?format=wfgqq%22wfgqq&type=rss HTTP/1.1
53,2,500,2065,7,31,7,2,1,GET /index.php?format=xkpdy%27xkpdy&type=rss HTTP/1.1
43,1,404,3990,11,21,2,5,1,GET /index.php/component/rpNBRJjc/ HTTP/1.1
122,1,500,2125,13,62,15,5,1,GET /index.php/component/users/?view=6msde%3C%2F-%3E6msde%2F%2A6msde%226msde6msde%276msde6msde%606msde6msde%20%3D HTTP/1.1
57,1,500,2043,8,30,6,5,1,GET /index.php/component/users/?view=8kgqy%20%3D HTTP/1.1
59,1,500,2053,9,32,5,5,1,GET /index.php/component/users/?view=9tfIe%609tfIe HTTP/1.1
61,1,500,2045,10,29,8,5,1,GET /index.php/component/users/?view=d0ux4%3C%2F-%3E HTTP/1.1
59,1,500,2053,7,36,5,5,1,GET /index.php/component/users/?view=dourn%22dourn HTTP/1.1
59,1,500,2053,7,36,5,5,1,GET /index.php/component/users/?view=idfzc%27idfzc HTTP/1.1
57,1,500,2043,9,31,6,5,1,GET /index.php/component/users/?view=yngux%2F%2A HTTP/1.1
122,1,500,2125,13,62,15,5,1,GET /index.php/component/users/?view=k9edc%3C%2F-%3Ek9edc%2F%2Ak9edc%22k9edck9edc%27k9edck9edc%60k9edck9edc%20%3D HTTP/1.1
43,1,404,3990,11,20,2,5,1,GET /index.php/component/nJ5HSDwp/ HTTP/1.1
57,1,500,2043,8,30,6,5,1,GET /index.php/component/users/?view=0fmau%20%3D HTTP/1.1
59,1,500,2053,7,34,5,5,1,GET /index.php/component/users/?view=1venh%601venh HTTP/1.1
59,1,500,2053,7,36,5,5,1,GET /index.php/component/users/?view=bvbaf%27bvbaf HTTP/1.1
61,1,500,2045,10,30,8,5,1,GET /index.php/component/users/?view=jkc3n%3C%2F-%3E HTTP/1.1
57,1,500,2043,9,31,6,5,1,GET /index.php/component/users/?view=pqten%2F%2A HTTP/1.1
59,1,500,2053,7,34,5,5,1,GET /index.php/component/users/?view=spw1y%22spw1y HTTP/1.1
43,1,404,3990,8,21,2,5,1,GET /index.php/component/1qNvyd30/ HTTP/1.1
43,1,404,3990,12,19,2,5,1,GET /index.php/component/BYSE4Hev/ HTTP/1.1
43,1,404,3990,12,20,2,5,1,GET /index.php/component/qnORwAYX/ HTTP/1.1
44,1,404,3991,7,22,5,2,1,GET /index.php?option=0skeb%270skeb HTTP/1.1
42,1,404,3990,9,17,6,2,1,GET /index.php?option=1g4ek%2F%2A HTTP/1.1
107,1,404,3990,13,50,15,2,1,GET /index.php?option=8dwlu%3C%2F-%3E8dwlu%2F%2A8dwlu%228dwlu8dwlu%278dwlu8dwlu%608dwlu8dwlu%20%3D HTTP/1.1
44,1,404,3991,7,22,5,2,1,GET /index.php?option=q0qpz%60q0qpz HTTP/1.1
46,1,404,3990,10,18,8,2,1,GET /index.php?option=sga0l%3C%2F-%3E HTTP/1.1
42,1,404,3991,8,18,6,2,1,GET /index.php?option=ua4qm%20%3D HTTP/1.1
44,1,404,3990,7,22,5,2,1,GET /index.php?option=yv5en%22yv5en HTTP/1.1
43,1,404,3990,9,20,2,5,1,GET /index.php/component/1v6Mb3Ra/ HTTP/1.1
43,1,404,3990,9,20,2,5,1,GET /index.php/component/6Kljm7H1/ HTTP/1.1
43,1,404,3990,10,21,2,5,1,GET /index.php/component/mFOEqma6/ HTTP/1.1
43,1,404,3990,10,19,2,5,1,GET /index.php/component/v32ATj0I/ HTTP/1.1
43,1,404,3990,12,20,2,5,1,GET /index.php/component/WuyVPCGd/ HTTP/1.1
43,1,404,3990,11,19,2,5,1,GET /index.php/component/XowP4J9K/ HTTP/1.1
123,1,200,2798,14,71,15,5,1,POST /index.php/component/users/?task=oztjd%3C%2F-%3Eoztjd%2F%2Aoztjd%22oztjdoztjd%27oztjdoztjd%60oztjdoztjd%20%3D HTTP/1.1
61,1,200,2746,11,29,8,5,1,GET /index.php/component/users/?task=4Ihyr%3C%2F-%3E HTTP/1.1
57,1,200,2760,8,30,6,5,0,GET /index.php/component/users/?task=7iqsu%20%3D HTTP/1.1
122,1,200,2798,13,53,15,5,1,GET /index.php/component/users/?task=9cj7x%3C%2F-%3E9cj7x%2F%2A9cj7x%229cj7x9cj7x%279cj7x9cj7x%609cj7x9cj7x%20%3D HTTP/1.1
59,1,200,2761,7,34,5,5,1,GET /index.php/component/users/?task=a0mkk%22a0mkk HTTP/1.1
59,1,200,2761,9,32,5,5,1,GET /index.php/component/users/?task=fIjm5%27fIjm5 HTTP/1.1
57,1,200,2761,9,30,6,5,0,GET /index.php/component/users/?task=jcjp6%2F%2A HTTP/1.1
59,1,200,2762,7,36,5,5,0,GET /index.php/component/users/?task=thjdl%60thjdl HTTP/1.1
62,1,200,2747,11,30,8,5,1,POST /index.php/component/users/?task=guf5j%3C%2F-%3E HTTP/1.1
58,1,200,2760,9,28,6,5,0,POST /index.php/component/users/?task=o2p01%20%3D HTTP/1.1
60,1,200,2760,8,36,5,5,1,POST /index.php/component/users/?task=sjgnv%22sjgnv HTTP/1.1
58,1,200,2761,10,27,6,5,0,POST /index.php/component/users/?task=u0730%2F%2A HTTP/1.1
60,1,200,2761,8,32,5,5,0,POST /index.php/component/users/?task=yn2m9%60yn2m9 HTTP/1.1
60,1,200,2762,8,34,5,5,1,POST /index.php/component/users/?task=zlj4d%27zlj4d HTTP/1.1
43,1,404,3990,13,17,2,5,1,GET /index.php/component/CMH36PBU/ HTTP/1.1
133,2,500,2117,13,71,18,3,1,GET /index.php/2-uncategorised?format=rs4ej%3C%2F-%3Ers4ej%2F%2Ars4ej%22rs4ejrs4ej%27rs4ejrs4ej%60rs4ejrs4ej%20%3D&type=atom HTTP/1.1
70,2,500,2057,7,41,8,3,1,GET /index.php/2-uncategorised?format=9h1ad%279h1ad&type=atom HTTP/1.1
69,2,500,2057,7,40,8,3,1,GET /index.php/2-uncategorised?format=a8mj2%27a8mj2&type=rss HTTP/1.1
70,2,500,2061,9,41,8,3,1,GET /index.php/2-uncategorised?format=bI6dc%60bI6dc&type=atom HTTP/1.1
69,2,500,2065,7,44,8,3,1,GET /index.php/2-uncategorised?format=bjvkg%22bjvkg&type=rss HTTP/1.1
70,2,500,2065,9,43,8,3,1,GET /index.php/2-uncategorised?format=euvIp%22euvIp&type=atom HTTP/1.1
67,2,500,2051,9,36,9,3,1,GET /index.php/2-uncategorised?format=Ia2p7%20%3D&type=rss HTTP/1.1
68,2,500,2055,8,40,9,3,1,GET /index.php/2-uncategorised?format=midom%20%3D&type=atom HTTP/1.1
132,2,500,2135,13,79,18,3,1,GET /index.php/2-uncategorised?format=nzdzq%3C%2F-%3Enzdzq%2F%2Anzdzq%22nzdzqnzdzq%27nzdzqnzdzq%60nzdzqnzdzq%20%3D&type=rss HTTP/1.1
67,2,500,2053,9,38,9,3,1,GET /index.php/2-uncategorised?format=u3sya%2F%2A&type=rss HTTP/1.1
72,2,500,2051,10,38,11,3,1,GET /index.php/2-uncategorised?format=u7ll0%3C%2F-%3E&type=atom HTTP/1.1
68,2,500,2053,9,39,9,3,1,GET /index.php/2-uncategorised?format=wg9yr%2F%2A&type=atom HTTP/1.1
71,2,500,2055,10,39,11,3,1,GET /index.php/2-uncategorised?format=xxulw%3C%2F-%3E&type=rss HTTP/1.1
69,2,500,2057,7,40,8,3,1,GET /index.php/2-uncategorised?format=y7vv9%60y7vv9&type=rss HTTP/1.1
72,2,500,1983,10,37,11,3,1,GET /index.php/2-uncategorised?format=feed&type=48y8a%3C%2F-%3E HTTP/1.1
133,2,500,1983,13,62,18,3,1,GET /index.php/2-uncategorised?format=feed&type=4n9cb%3C%2F-%3E4n9cb%2F%2A4n9cb%224n9cb4n9cb%274n9cb4n9cb%604n9cb4n9cb%20%3D HTTP/1.1
68,2,500,1983,8,39,9,3,1,GET /index.php/2-uncategorised?format=feed&type=feae6%20%3D HTTP/1.1
68,2,500,1983,8,40,9,3,1,GET /index.php/2-uncategorised?format=feed&type=frdaw%20%3D HTTP/1.1
70,2,500,1983,7,41,8,3,1,GET /index.php/2-uncategorised?format=feed&type=j3w9m%22j3w9m HTTP/1.1
70,2,500,1983,7,43,8,3,1,GET /index.php/2-uncategorised?format=feed&type=jpzc0%27jpzc0 HTTP/1.1
70,2,500,1983,7,41,8,3,1,GET /index.php/2-uncategorised?format=feed&type=k5qt0%27k5qt0 HTTP/1.1
133,2,500,1983,13,71,18,3,1,GET /index.php/2-uncategorised?format=feed&type=ngo0t%3C%2F-%3Engo0t%2F%2Ango0t%22ngo0tngo0t%27ngo0tngo0t%60ngo0tngo0t%20%3D HTTP/1.1
70,2,500,1983,7,41,8,3,1,GET /index.php/2-uncategorised?format=feed&type=ni89j%60ni89j HTTP/1.1
68,2,500,1983,9,39,9,3,1,GET /index.php/2-uncategorised?format=feed&type=sl9yx%2F%2A HTTP/1.1
61,1,200,2746,10,30,8,5,1,GET /index.php/component/users/?task=be3hh%3C%2F-%3E HTTP/1.1
59,1,200,2762,7,34,5,5,1,GET /index.php/component/users/?task=btak9%27btak9 HTTP/1.1
122,1,200,2799,13,53,15,5,1,GET /index.php/component/users/?task=p4l3u%3C%2F-%3Ep4l3u%2F%2Ap4l3u%22p4l3up4l3u%27p4l3up4l3u%60p4l3up4l3u%20%3D HTTP/1.1
57,1,200,2761,9,30,6,5,0,GET /index.php/component/users/?task=pbs1s%2F%2A HTTP/1.1
59,1,200,2763,7,34,5,5,0,GET /index.php/component/users/?task=z4epp%60z4epp HTTP/1.1
59,1,200,2761,7,34,5,5,1,GET /index.php/component/users/?task=zoia3%22zoia3 HTTP/1.1
123,1,200,2798,23,53,15,5,1,POST /index.php/component/users/?task=fwfI0%3C%2F-%3EfwfI0%2F%2AfwfI0%22fwfI0fwfI0%27fwfI0fwfI0%60fwfI0fwfI0%20%3D HTTP/1.1
72,2,500,1983,10,39,11,3,1,GET /index.php/2-uncategorised?format=feed&type=3egws%3C%2F-%3E HTTP/1.1
70,2,500,1983,7,41,8,3,1,GET /index.php/2-uncategorised?format=feed&type=a2y0t%22a2y0t HTTP/1.1
68,2,500,1983,10,38,9,3,1,GET /index.php/2-uncategorised?format=feed&type=Ihj1s%2F%2A HTTP/1.1
70,2,500,1983,7,45,8,3,1,GET /index.php/2-uncategorised?format=feed&type=ynowq%60ynowq HTTP/1.1
57,1,200,2761,8,30,6,5,0,GET /index.php/component/users/?task=mpex7%20%3D HTTP/1.1
60,1,200,2764,8,36,5,5,0,POST /index.php/component/users/?task=dqczq%60dqczq HTTP/1.1
58,1,200,2761,9,31,6,5,0,POST /index.php/component/users/?task=ihrzf%20%3D HTTP/1.1
123,1,200,238,14,71,15,5,1,POST /index.php/component/users/?task=jsgdc%3C%2F-%3Ejsgdc%2F%2Ajsgdc%22jsgdcjsgdc%27jsgdcjsgdc%60jsgdcjsgdc%20%3D HTTP/1.1
60,1,200,2761,8,36,5,5,1,POST /index.php/component/users/?task=lxlce%27lxlce HTTP/1.1
60,1,200,2762,8,32,5,5,1,POST /index.php/component/users/?task=s32di%22s32di HTTP/1.1
62,1,200,2747,11,29,8,5,1,POST /index.php/component/users/?task=w0c9m%3C%2F-%3E HTTP/1.1
58,1,200,2761,10,30,6,5,0,POST /index.php/component/users/?task=xx5gp%2F%2A HTTP/1.1
122,1,200,2796,13,53,15,5,1,GET /index.php/component/users/?task=8myn6%3C%2F-%3E8myn6%2F%2A8myn6%228myn68myn6%278myn68myn6%608myn68myn6%20%3D HTTP/1.1
57,1,200,2761,8,29,6,5,0,GET /index.php/component/users/?task=4jw7v%20%3D HTTP/1.1
59,1,200,2763,7,34,5,5,0,GET /index.php/component/users/?task=4zlqu%604zlqu HTTP/1.1
61,1,200,2747,10,31,8,5,1,GET /index.php/component/users/?task=bfrmk%3C%2F-%3E HTTP/1.1
59,1,200,2761,7,34,5,5,1,GET /index.php/component/users/?task=om1bu%22om1bu HTTP/1.1
59,1,200,2761,7,36,5,5,1,GET /index.php/component/users/?task=stpqn%27stpqn HTTP/1.1
57,1,200,2761,9,31,6,5,0,GET /index.php/component/users/?task=xgtbd%2F%2A HTTP/1.1
60,1,200,237,8,34,5,5,0,POST /index.php/component/users/?task=0ofuj%600ofuj HTTP/1.1
58,1,200,237,11,29,6,5,0,POST /index.php/component/users/?task=3hIag%2F%2A HTTP/1.1
60,1,200,237,8,34,5,5,1,POST /index.php/component/users/?task=ca3aq%27ca3aq HTTP/1.1
58,1,200,237,9,31,6,5,0,POST /index.php/component/users/?task=jlcnh%20%3D HTTP/1.1
60,1,200,237,8,36,5,5,1,POST /index.php/component/users/?task=lomgd%22lomgd HTTP/1.1
62,1,200,237,12,29,8,5,1,POST /index.php/component/users/?task=zu4Iw%3C%2F-%3E HTTP/1.1
43,1,404,3990,8,21,2,5,1,GET /index.php/component/Ok4sh9b7/ HTTP/1.1
43,1,404,3990,9,19,2,5,1,GET /index.php/component/51Q3S6go/ HTTP/1.1
43,1,404,3990,10,21,2,5,1,GET /index.php/component/Jxs6uyKZ/ HTTP/1.1
43,1,404,3990,9,22,2,5,1,GET /index.php/component/Yipj5ohL/ HTTP/1.1
43,1,404,3991,10,20,2,5,1,GET /index.php/component/R75DtEbm/ HTTP/1.1
43,1,404,3990,11,21,2,5,1,GET /index.php/component/OuxPuFXk/ HTTP/1.1
43,1,404,3990,11,21,2,5,1,GET /index.php/component/XiTwbjWS/ HTTP/1.1
43,1,404,3990,10,21,2,5,1,GET /index.php/component/d2acIUeF/ HTTP/1.1
43,1,404,3990,9,22,2,5,1,GET /index.php/component/qUV5dwtj/ HTTP/1.1
43,1,404,3990,11,18,2,5,1,GET /index.php/component/10GYFGy0/ HTTP/1.1
43,1,404,3990,12,20,2,5,1,GET /index.php/component/FNYioGqV/ HTTP/1.1
43,1,404,3991,11,20,2,5,1,GET /index.php/component/io8qTOKR/ HTTP/1.1
43,1,404,3990,8,18,2,5,1,GET /index.php/component/217sK566/ HTTP/1.1
123,1,200,2798,14,62,15,5,1,POST /index.php/component/users/?task=a2vpt%3C%2F-%3Ea2vpt%2F%2Aa2vpt%22a2vpta2vpt%27a2vpta2vpt%60a2vpta2vpt%20%3D HTTP/1.1
43,1,404,3990,10,20,2,5,1,GET /index.php/component/Tzw6ZLp8/ HTTP/1.1
122,1,200,2796,13,62,15,5,1,GET /index.php/component/users/?task=mr4yz%3C%2F-%3Emr4yz%2F%2Amr4yz%22mr4yzmr4yz%27mr4yzmr4yz%60mr4yzmr4yz%20%3D HTTP/1.1
62,1,200,2748,11,31,8,5,1,POST /index.php/component/users/?task=ctznu%3C%2F-%3E HTTP/1.1
58,1,200,2762,9,31,6,5,0,POST /index.php/component/users/?task=cvsgr%20%3D HTTP/1.1
60,1,200,2763,8,34,5,5,1,POST /index.php/component/users/?task=dgyi2%27dgyi2 HTTP/1.1
58,1,200,2762,10,30,6,5,0,POST /index.php/component/users/?task=hojb3%2F%2A HTTP/1.1
60,1,200,2762,8,36,5,5,1,POST /index.php/component/users/?task=mfakp%22mfakp HTTP/1.1
60,1,200,2763,8,34,5,5,0,POST /index.php/component/users/?task=vw6vq%60vw6vq HTTP/1.1
57,1,200,2761,9,30,6,5,0,GET /index.php/component/users/?task=ancq4%2F%2A HTTP/1.1
59,1,200,2762,7,34,5,5,1,GET /index.php/component/users/?task=arg0d%27arg0d HTTP/1.1
61,1,200,2746,10,31,8,5,1,GET /index.php/component/users/?task=oolyc%3C%2F-%3E HTTP/1.1
59,1,200,2762,7,36,5,5,0,GET /index.php/component/users/?task=uchoy%60uchoy HTTP/1.1
57,1,200,2760,8,31,6,5,0,GET /index.php/component/users/?task=wuqrk%20%3D HTTP/1.1
59,1,200,2761,7,36,5,5,1,GET /index.php/component/users/?task=xuufk%22xuufk HTTP/1.1
58,1,200,2761,10,30,6,5,0,POST /index.php/component/users/?task=dt7qj%2F%2A HTTP/1.1
58,1,200,2761,9,29,6,5,0,POST /index.php/component/users/?task=gk54r%20%3D HTTP/1.1
62,1,200,2747,12,29,8,5,1,POST /index.php/component/users/?task=pbIf4%3C%2F-%3E HTTP/1.1
60,1,200,2762,8,34,5,5,0,POST /index.php/component/users/?task=rwb5l%60rwb5l HTTP/1.1
60,1,200,2761,8,34,5,5,1,POST /index.php/component/users/?task=ttfo3%22ttfo3 HTTP/1.1
60,1,200,2761,8,36,5,5,1,POST /index.php/component/users/?task=wwodg%27wwodg HTTP/1.1
43,1,404,3991,11,19,2,5,1,GET /index.php/component/dLuQN3J1/ HTTP/1.1
43,1,404,3991,9,22,2,5,1,GET /index.php/component/Atnek6gR/ HTTP/1.1
43,1,404,3991,13,18,2,5,1,GET /index.php/component/JMDO3PhU/ HTTP/1.1
43,1,404,3990,9,22,2,5,1,GET /index.php/component/faLd6gTt/ HTTP/1.1
43,1,404,3990,10,22,2,5,1,GET /index.php/component/JtFefcyX/ HTTP/1.1
43,1,404,3990,10,21,2,5,1,GET /index.php/component/xjaSJp6Y/ HTTP/1.1
43,1,404,3990,9,22,2,5,1,GET /index.php/component/g4vgJgxW/ HTTP/1.1
43,1,404,3990,10,21,2,5,1,GET /index.php/component/hyXR1Tuh/ HTTP/1.1
43,1,404,3990,11,20,2,5,1,GET /index.php/component/FMAj8zvZ/ HTTP/1.1
43,1,404,3990,9,21,2,5,1,GET /index.php/component/j6L1ogoD/ HTTP/1.1
43,1,404,3990,11,20,2,5,1,GET /index.php/component/fSo9ZnHL/ HTTP/1.1
43,1,404,3990,10,20,2,5,1,GET /index.php/component/auMPO2t0/ HTTP/1.1
43,1,404,3990,9,21,2,5,1,GET /index.php/component/gy5DP7fb/ HTTP/1.1
43,1,404,3990,10,21,2,5,1,GET /index.php/component/cmUBS9ta/ HTTP/1.1
43,1,404,3990,10,20,2,5,1,GET /index.php/component/4yLJl2Pa/ HTTP/1.1
43,1,404,3991,10,21,2,5,1,GET /index.php/component/Wm8XzqGy/ HTTP/1.1
43,1,404,3991,12,19,2,5,1,GET /index.php/component/Ac4cAIUJ/ HTTP/1.1
43,1,404,3991,12,19,2,5,1,GET /index.php/component/5ZmbMDIK/ HTTP/1.1
43,1,404,3991,11,21,2,5,1,GET /index.php/component/NLtXjBlh/ HTTP/1.1
43,1,404,3991,9,22,2,5,1,GET /index.php/component/qc8kVftV/ HTTP/1.1
43,1,404,3991,9,22,2,5,1,GET /index.php/component/YryySll9/ HTTP/1.1
43,1,404,3991,11,18,2,5,1,GET /index.php/component/EdL0B85O/ HTTP/1.1
43,1,404,3991,10,20,2,5,1,GET /index.php/component/LBf3Rt0f/ HTTP/1.1
43,1,404,3991,10,20,2,5,1,GET /index.php/component/n5UDgz8I/ HTTP/1.1
43,1,404,3991,12,20,2,5,1,GET /index.php/component/UXKomEqU/ HTTP/1.1
43,1,404,3991,11,20,2,5,1,GET /index.php/component/hqCZJ4fO/ HTTP/1.1
43,1,404,3991,8,22,2,5,1,GET /index.php/component/Myuc63lb/ HTTP/1.1
43,1,404,3991,10,22,2,5,1,GET /index.php/component/SJokmYob/ HTTP/1.1
43,1,404,3991,11,21,2,5,1,GET /index.php/component/AyDoXLsi/ HTTP/1.1
43,1,404,3991,13,19,2,5,1,GET /index.php/component/MWYEbJYq/ HTTP/1.1
43,1,404,3991,11,20,2,5,1,GET /index.php/component/RrFdR1Qr/ HTTP/1.1
43,1,404,3990,12,19,2,5,1,GET /index.php/component/d8SNCfPE/ HTTP/1.1
43,1,404,3990,12,19,2,5,1,GET /index.php/component/FGU4vLJq/ HTTP/1.1
43,1,404,3990,10,21,2,5,1,GET /index.php/component/oJix5NjG/ HTTP/1.1
43,1,404,3990,12,20,2,5,1,GET /index.php/component/yIzZGBHu/ HTTP/1.1
43,1,404,3990,10,19,2,5,1,GET /index.php/component/08hG0PwS/ HTTP/1.1
43,1,404,3990,9,20,2,5,1,GET /index.php/component/0zp9Y4Ad/ HTTP/1.1
43,1,404,3990,13,18,2,5,1,GET /index.php/component/CqOX7NTH/ HTTP/1.1
43,1,404,3990,8,22,2,5,1,GET /index.php/component/lmkgi6C1/ HTTP/1.1
43,1,404,3990,9,21,2,5,1,GET /index.php/component/m3l6zByR/ HTTP/1.1
43,1,404,3990,10,21,2,5,1,GET /index.php/component/NgxIau7V/ HTTP/1.1
43,1,404,3990,9,21,2,5,1,GET /index.php/component/vmAnh7T7/ HTTP/1.1
43,1,404,3990,13,19,2,5,1,GET /index.php/component/WzNHnOJD/ HTTP/1.1
43,1,404,3990,9,19,2,5,1,GET /index.php/component/x874YCu0/ HTTP/1.1
43,1,404,3990,11,21,2,5,1,GET /index.php/component/hlguXKXD/ HTTP/1.1
43,1,404,3990,11,20,2,5,1,GET /index.php/component/1nYvWaWB/ HTTP/1.1
43,1,404,3990,8,22,2,5,1,GET /index.php/component/4gar2gEc/ HTTP/1.1
43,1,404,3990,10,21,2,5,1,GET /index.php/component/5xZwPqxV/ HTTP/1.1
43,1,404,3990,11,20,2,5,1,GET /index.php/component/kPBs7ZdP/ HTTP/1.1
43,1,404,3990,9,22,2,5,1,GET /index.php/component/DumdNcr6/ HTTP/1.1
43,1,404,3990,11,19,2,5,1,GET /index.php/component/FI78NuWe/ HTTP/1.1
43,1,404,3990,13,19,2,5,1,GET /index.php/component/PZvGXtEU/ HTTP/1.1
43,1,404,3990,12,19,2,5,1,GET /index.php/component/QMfZ2JUq/ HTTP/1.1
43,1,404,3990,9,20,2,5,1,GET /index.php/component/n45HpGp5/ HTTP/1.1
43,1,404,3990,11,19,2,5,1,GET /index.php/component/TKJf82jM/ HTTP/1.1
43,1,404,3990,8,24,2,5,1,GET /index.php/component/zRmvfjlt/ HTTP/1.1
43,1,404,3990,9,20,2,5,1,GET /index.php/component/5EeK8px3/ HTTP/1.1
43,1,404,3990,11,21,2,5,1,GET /index.php/component/aPLlTpuX/ HTTP/1.1
43,1,404,3990,10,21,2,5,1,GET /index.php/component/izQvLo7T/ HTTP/1.1
43,1,404,3990,10,20,2,5,1,GET /index.php/component/Knae66GQ/ HTTP/1.1
43,1,404,3990,11,21,2,5,1,GET /index.php/component/mSoJFinG/ HTTP/1.1
43,1,404,3990,12,19,2,5,1,GET /index.php/component/TOA0mGeQ/ HTTP/1.1
43,1,404,3990,10,21,2,5,1,GET /index.php/component/Yzbj6DuG/ HTTP/1.1
43,1,404,3990,9,20,2,5,1,GET /index.php/component/cwPO0x98/ HTTP/1.1
